cable_capacitance_pf,frequency_hz,magnitude,magnitude_db,phase_deg
100.0,20.0,0.9940388535846021,-0.05193280365093626,-0.018608407666241757
100.0,20.25540341335864,0.9940389324505525,-0.0519321145220234,-0.01884604171173832
100.0,20.514068371895043,0.9940390133436401,-0.05193140768008842,-0.019086710442900442
100.0,20.776036526097773,0.9940390963159702,-0.05193068266983966,-0.01933045261544607
100.0,21.04135005833923,0.9940391814209869,-0.0519299390242891,-0.019577307480098175
100.0,21.310051689667922,0.9940392687135083,-0.05192917626444193,-0.019827314788909034
100.0,21.582184686687434,0.9940393582497616,-0.051928393898991954,-0.02008051480166694
100.0,21.857792868523266,0.9940394500874191,-0.051927591424005416,-0.02033694829238225
100.0,22.136920613878615,0.9940395442856359,-0.051926768322592055,-0.020596656555859204
100.0,22.419612868180305,0.994039640905087,-0.05192592406458116,-0.020859681414350094
100.0,22.705915150815933,0.9940397400080074,-0.05192505810617135,-0.021126065224294055
100.0,22.995873562463437,0.9940398416582319,-0.051924169889583364,-0.02139585088314512
100.0,23.28953479251428,0.9940399459212359,-0.05192325884270103,-0.021669081836283004
100.0,23.58694612659143,0.9940400528641778,-0.05192232437870373,-0.021945802084017016
100.0,23.88815545416332,0.9940401625559425,-0.05192136589568603,-0.022226056188676246
100.0,24.19321127625508,0.9940402750671851,-0.05192038277627367,-0.022509889281791373
100.0,24.502162713258198,0.9940403904703774,-0.05191937438721795,-0.02279734707136985
100.0,24.815059512839944,0.9940405088398536,-0.05191834007899908,-0.02308847584926182
100.0,25.1319520579538,0.9940406302518587,-0.05191727918540028,-0.02338332249862221
100.0,25.452891374952156,0.9940407547845977,-0.05191619102307905,-0.023681934501466943
100.0,25.77792914180263,0.9940408825182858,-0.0519150748911287,-0.023984359946327468
100.0,26.107117696409308,0.9940410135351998,-0.05191393007062825,-0.02429064753600141
100.0,26.440510045040245,0.9940411479197316,-0.051912755824175844,-0.024600846595404045
100.0,26.77815987086258,0.9940412857584424,-0.05191155139541635,-0.024915007079518756
100.0,27.120121542586663,0.9940414271401183,-0.05191031600855249,-0.02523317958145151
100.0,27.466450123220557,0.9940415721558277,-0.05190904886784712,-0.0255554153405855
100.0,27.81720137893633,0.9940417208989797,-0.05190774915710829,-0.02588176625084332
100.0,28.17243178804958,0.9940418734653848,-0.05190641603916433,-0.026212284869051805
100.0,28.532198550113645,0.9940420299533158,-0.051905048655326524,-0.026547024423417085
100.0,28.896559595129922,0.9940421904635718,-0.05190364612483525,-0.026886038822105728
100.0,29.2655735928758,0.9940423550995432,-0.05190220754428662,-0.027229382661938206
100.0,29.639299962351746,0.9940425239672774,-0.0519007319870622,-0.027577111237189613
100.0,30.017798881349012,0.9940426971755483,-0.051899218502721695,-0.02792928054850922
100.0,30.401131296139496,0.9940428748359256,-0.05189766611639387,-0.028285947311947043
100.0,30.78935893128941,0.9940430570628466,-0.05189607382815374,-0.02864716896810396
100.0,31.18254429959819,0.9940432439736907,-0.051894440612368815,-0.029013003691391977
100.0,31.580750712164413,0.9940434356888543,-0.05189276541704631,-0.02938351039941778
100.0,31.98404228858017,0.9940436323318286,-0.0518910471631531,-0.029758748762483855
100.0,32.39248396725569,0.9940438340292789,-0.05188928474392034,-0.030138779213213913
100.0,32.8061415158758,0.9940440409111269,-0.0518874770241285,-0.03052366295629945
100.0,33.225081541989866,0.9940442531106333,-0.0518856228393828,-0.03091346197837166
100.0,33.64937150373704,0.994044470764485,-0.05188372099535277,-0.031308239058001196
100.0,34.07907972070841,0.9940446940128821,-0.051881770267011754,-0.031708057775825416
100.0,34.514275384947915,0.9940449229996287,-0.05187976939784346,-0.032112982524804566
100.0,34.95502857209371,0.9940451578722252,-0.051877717099034014,-0.032523078520610677
100.0,35.40141025266179,0.9940453987819635,-0.0518756120486455,-0.032938411812149605
100.0,35.85349230347375,0.9940456458840249,-0.05187345289075367,-0.03335904929221808
100.0,36.3113475192305,0.9940458993375796,-0.05187123823458275,-0.033785058708295915
100.0,36.77504962423367,0.9940461593058891,-0.051868966653610134,-0.03421650867347951
100.0,37.244673284256805,0.9940464259564117,-0.05186663668464593,-0.03465346867755341
100.0,37.72029411856813,0.9940466994609102,-0.051864246826888206,-0.03509600909820457
100.0,38.20198871210684,0.9940469799955629,-0.05186179554095692,-0.035544201212380645
100.0,38.689834627814854,0.9940472677410771,-0.051859281247901665,-0.03599811720779434
100.0,39.183910419126114,0.9940475628828047,-0.05185670232819004,-0.03645783019457536
100.0,39.68429564261532,0.9940478656108624,-0.05185405712065913,-0.0369234142170713
100.0,40.19107087080819,0.9940481761202546,-0.051851343921441785,-0.037394944265801325
100.0,40.70431770515536,0.9940484946109979,-0.05184856098287838,-0.03787249628956217
100.0,41.22411878917192,0.9940488212882502,-0.05184570651238684,-0.038356147207690636
100.0,41.75055782174475,0.994049156362444,-0.05184277867130459,-0.038845974922482526
100.0,42.2837195706098,0.9940495000494206,-0.05183977557370714,-0.0393420583317721
100.0,42.82368988600147,0.9940498525705701,-0.05183669528519384,-0.03984447734167377
100.0,43.370555714476296,0.9940502141529736,-0.05183353582163956,-0.04035331287948589
100.0,43.92440511291322,0.9940505850295496,-0.05183029514791732,-0.04086864690676078
100.0,44.4853272626925,0.9940509654392037,-0.05182697117659194,-0.04139056243254443
100.0,45.0534124840559,0.994051355626984,-0.05182356176656111,-0.04191914352678558
100.0,45.62875225065003,0.9940517558442366,-0.05182006472169765,-0.042454475333915956
100.0,46.211439204255626,0.99405216634877,-0.05181647778941117,-0.04299664408660668
100.0,46.80156716970473,0.9940525874050193,-0.05181279865921842,-0.04354573711970171
100.0,47.39923116998855,0.9940530192842179,-0.051809024961239146,-0.04410184288433095
100.0,48.00452744155806,0.9940534622645715,-0.05180515426467526,-0.044665050962202614
100.0,48.617553449820186,0.9940539166314377,-0.05180118407624654,-0.045235452080083755
100.0,49.238407904831696,0.9940543826775096,-0.05179711183858453,-0.04581313812446188
100.0,49.867190777193656,0.994054860703005,-0.05179293492857706,-0.04639820215640173
100.0,50.50400331414874,0.9940553510158591,-0.051788650655689474,-0.04699073842658788
100.0,51.14894805588423,0.9940558539319236,-0.05178425626022186,-0.04759084239056458
100.0,51.80212885204306,0.9940563697751699,-0.05177974891153815,-0.04819861072417016
100.0,52.46365087844586,0.9940568988778976,-0.05177512570623811,-0.04881414133917315
100.0,53.13362065402642,0.9940574415809493,-0.05177038366628844,-0.04943753339910552
100.0,53.81214605798349,0.9940579982339297,-0.051765519737104616,-0.05006888733530506
100.0,54.499336347151626,0.9940585691954311,-0.05176053078558126,-0.050708304863161136
100.0,55.19530217359378,0.9940591548332648,-0.05175541359807302,-0.051355888998571984
100.0,55.90015560241866,0.9940597555246974,-0.05175016487832807,-0.05201174407461427
100.0,56.61401012982551,0.9940603716566944,-0.05174478124536238,-0.05267597575842779
100.0,57.33698070137941,0.9940610036261699,-0.05173925923127681,-0.05334869106831655
100.0,58.06918373051995,0.9940616518402415,-0.05173359527903258,-0.054029998391073385
100.0,58.81073711730618,0.9940623167164943,-0.05172778574014523,-0.05472000749953017
100.0,59.561760267401084,0.9940629986832475,-0.051721826872351495,-0.05541882957032538
100.0,60.322374111298245,0.9940636981798331,-0.05171571483718411,-0.056126577201915946
100.0,61.09270112379437,0.9940644156568773,-0.05170944569750384,-0.0568433644328094
100.0,61.87286534371018,0.9940651515765917,-0.0517030154149639,-0.05756930676003873
100.0,62.66299239386335,0.9940659064130711,-0.051696419847404314,-0.05830452115787618
100.0,63.463209501296305,0.9940666806525991,-0.0516896547461864,-0.059049126096783824
100.0,64.27364551776259,0.9940674747939608,-0.0516827157534564,-0.0598032415626179
100.0,65.09443094047457,0.9940682893487659,-0.05167559839933156,-0.06056698907607683
100.0,65.92569793311637,0.9940691248417772,-0.05166829809902234,-0.06134049171239984
100.0,66.76758034712479,0.994069981811249,-0.051660810149884745,-0.06212387412132715
100.0,67.62021374324243,0.9940708608092743,-0.05165312972838065,-0.06291726254731318
100.0,68.48373541334568,0.9940717624021408,-0.05164525188697708,-0.06372078485000612
100.0,69.35828440255162,0.9940726871706961,-0.051637171550949476,-0.06453457052498997
100.0,70.24400153160717,0.9940736357107213,-0.05162888351512304,-0.06535875072479916
100.0,71.14102941956426,0.9940746086333161,-0.05162038244050847,-0.06619345828020592
100.0,72.04951250674448,0.9940756065652918,-0.051611662850870675,-0.06703882772178123
100.0,72.96959707799692,0.9940766301495765,-0.051602719129190136,-0.06789499530173895
100.0,73.90143128625317,0.9940776800456289,-0.05159354551404761,-0.06876209901606593
100.0,74.84516517638308,0.994078756929863,-0.05158413609591876,-0.06964027862693539
100.0,75.80095070935505,0.9940798614960857,-0.051574484813350585,-0.07052967568541577
100.0,76.768941786705,0.9940809944559424,-0.05156458544907101,-0.07143043355447554
100.0,77.74929427531778,0.9940821565393773,-0.051554431625970565,-0.07234269743228676
100.0,78.74216603252486,0.994083348495103,-0.05154401680299789,-0.0732666143758318
100.0,79.74771693152283,0.9940845710910844,-0.05153333427094286,-0.07420233332482178
100.0,80.7661088871163,0.9940858251150322,-0.05152237714811796,-0.07515000512592208
100.0,81.79750588178959,0.9940871113749128,-0.05151113837591281,-0.07610978255730001
100.0,82.84207399211121,0.994088430699468,-0.051499610714254775,-0.07708182035348934
100.0,83.89998141547592,0.9940897839387497,-0.051487786736938684,-0.0780662752305823
100.0,84.97139849718786,0.9940911719646689,-0.05147565882683758,-0.07906330591175138
100.0,86.05649775788984,0.9940925956715569,-0.05146321917099907,-0.0800730731531016
100.0,87.1554539213426,0.9940940559767424,-0.05145045975561106,-0.08109573976986885
100.0,88.26844394255923,0.9940955538211437,-0.05143737236082691,-0.08213147066295605
100.0,89.3956470362985,0.9940970901698751,-0.05142394855547551,-0.08318043284581743
100.0,90.53724470592226,0.9940986660128694,-0.05141017969162698,-0.08424279547170219
100.0,91.69342077262121,0.994100282365517,-0.05139605689901221,-0.08531872986124625
100.0,92.86436140501408,0.9941019402693195,-0.051381571079314625,-0.0864084095304389
100.0,94.05025514912464,0.9941036407925636,-0.05136671290029532,-0.08751201021894552
100.0,95.25129295874152,0.9941053850310081,-0.05135147278978959,-0.08862970991881115
100.0,96.46766822616584,0.994107174108593,-0.051335840929519344,-0.08976168890354219
100.0,97.69957681335141,0.9941090091781625,-0.051319807248782774,-0.09090812975756626
100.0,98.94721708344264,0.9941108914222103,-0.051303361417950326,-0.09206921740608738
100.0,100.21078993271514,0.9941128220536422,-0.05128649284180867,-0.09324513914533283
100.0,101.4904988229242,0.9941148023165579,-0.05126919065273354,-0.0944360846731972
100.0,102.78654981406649,0.9941168334870552,-0.051251443703678484,-0.09564224612029931
100.0,104.09915159756,0.9941189168740523,-0.05123324056099051,-0.09686381808144341
100.0,105.42851552984779,0.9941210538201332,-0.051214569497039994,-0.09810099764750141
100.0,106.77485566643068,0.9941232457024134,-0.0511954184826598,-0.09935398443771687
100.0,108.1383887963348,0.9941254939334297,-0.05117577517938526,-0.10062298063244007
100.0,109.51933447701919,0.9941277999620513,-0.051155626931503474,-0.10190819100629633
100.0,110.91791506972905,0.9941301652744147,-0.05113496075789078,-0.10320982296179645
100.0,112.33435577530071,0.9941325913948835,-0.05111376334364513,-0.10452808656339391
100.0,113.76888467042347,0.9941350798870324,-0.051092021031497986,-0.1058631945719994
100.0,115.22173274436506,0.9941376323546562,-0.05106971981300948,-0.10721536247995922
100.0,116.69313393616545,0.994140250442806,-0.05104684531953153,-0.10858480854648483
100.0,118.18332517230616,0.9941429358388504,-0.05102338281294565,-0.10997175383358135
100.0,119.69254640486021,0.9941456902735654,-0.05099931717616094,-0.11137642224243434
100.0,121.22104065012964,0.9941485155222523,-0.05097463290335777,-0.112799040550305
100.0,122.76905402777612,0.9941514134058839,-0.05094931408999168,-0.11423983844790049
100.0,124.33683580045141,0.9941543857922802,-0.050923344422538305,-0.11569904857726605
100.0,125.9246384139338,0.9941574345973156,-0.050896707167964655,-0.11717690657017374
100.0,127.53271753777737,0.994160561786155,-0.05086938516294816,-0.11867365108703418
100.0,129.16133210647996,0.9941637693745244,-0.05084136080279227,-0.12018952385633741
100.0,130.81074436117717,0.9941670594300129,-0.050812616030079215,-0.12172476971461592
100.0,132.48121989186862,0.9941704340734079,-0.05078313232302027,-0.12327963664696129
100.0,134.17302768018362,0.994173895480065,-0.05075289068351246,-0.12485437582808084
100.0,135.88644014269272,0.9941774458813154,-0.05072187162486753,-0.1264492416639173
100.0,137.62173317477263,0.994181087565906,-0.050690055159257216,-0.12806449183382967
100.0,139.37918619503108,0.9941848228814787,-0.050657420784811634,-0.12970038733335376
100.0,141.15908219029916,0.9941886542360886,-0.05062394747238923,-0.13135719251754224
100.0,142.9617077611979,0.9941925840997596,-0.05058961365201193,-0.13303517514489951
100.0,144.78735316828744,0.9941966150060818,-0.050554397198943724,-0.1347346064219091
100.0,146.6363123788046,0.9942007495538484,-0.05051827541942006,-0.13645576104819138
100.0,148.5088831139981,0.994204990408737,-0.05048122503599668,-0.1381989172622498
100.0,150.40536689706786,0.9942093403050328,-0.050443222172529986,-0.13996435688788375
100.0,152.3260691017163,0.9942138020473961,-0.05040424233877612,-0.14175236538120542
100.0,154.27129900132044,0.9942183785126775,-0.050364260414569303,-0.14356323187833525
100.0,156.24136981873087,0.9942230726517773,-0.05032325063362413,-0.1453972492437307
100.0,158.2365987767076,0.9942278874915559,-0.05028118656689104,-0.147254714119207
100.0,160.25730714899925,0.9942328261367898,-0.05023804110551069,-0.14913592697362377
100.0,162.30382031207517,0.9942378917721826,-0.05019378644329965,-0.15104119215326672
100.0,164.37646779751773,0.9942430876644242,-0.05014839405881281,-0.1529708179329377
100.0,166.47558334508386,0.994248417164306,-0.050101834696917036,-0.15492511656774446
100.0,168.6015049564441,0.994253883708889,-0.0500540783499128,-0.15690440434563102
100.0,170.75457494960807,0.994259490823729,-0.050005094238151734,-0.15890900164063154
100.0,172.93514001404478,0.9942652421251583,-0.04995485079016966,-0.16093923296688015
100.0,175.1435512665069,0.9942711413226288,-0.049903315622285664,-0.1629954270333824
100.0,177.3801643075679,0.9942771922211123,-0.04985045551770352,-0.16507791679955003
100.0,179.64533927888138,0.9942833987235664,-0.04979623640504461,-0.16718703953153577
100.0,181.93944092117124,0.9942897648334614,-0.049740623336352485,-0.1693231368593594
100.0,184.26283863296274,0.994296294657375,-0.04968358046451008,-0.17148655483484165
100.0,186.61590653006328,0.9943029924076522,-0.04962507102008909,-0.17367764399037447
100.0,188.99902350580302,0.9943098624051359,-0.049565057287589295,-0.17589675939852525
100.0,191.4125732920446,0.9943169090819671,-0.049503500581072675,-0.1781442607324956
100.0,193.85694452097215,0.9943241369844578,-0.049440361219172425,-0.18042051232744727
100.0,196.33253078766876,0.9943315507760384,-0.04937559849944599,-0.18272588324271744
100.0,198.83973071349433,0.994339155240283,-0.04930917067206761,-0.18506074732492267
100.0,201.3789480102713,0.9943469552840108,-0.04924103491285094,-0.18742548327198727
100.0,203.95059154529108,0.994354955940469,-0.04917114729557111,-0.18982047469809718
100.0,206.5550754071501,0.994363162372599,-0.04909946276356224,-0.19224611019959809
100.0,209.19281897242698,0.9943715798763867,-0.049025935100596614,-0.19470278342186054
100.0,211.8642469732107,0.9943802138842996,-0.04895051690099839,-0.19719089312712165
100.0,214.56978956549148,0.9943890699688136,-0.048873159538997055,-0.19971084326332622
100.0,217.30988239842515,0.9943981538460316,-0.048793813137273545,-0.20226304303398182
100.0,220.08496668448123,0.9944074713793947,-0.04871242653471688,-0.20484790696905725
100.0,222.8954892704882,0.9944170285834919,-0.04862894725332306,-0.20746585499690767
100.0,225.74190270958454,0.9944268316279686,-0.04854332146424421,-0.21011731251730165
100.0,228.62466533408966,0.9944368868415339,-0.048455493952982945,-0.21280271047551888
100.0,231.54424132930478,0.9944472007160765,-0.048365408083645964,-0.21552248543757022
100.0,234.50110080825687,0.9944577799108842,-0.04827300576231285,-0.2182770796665454
100.0,237.4957198873962,0.9944686312569748,-0.04817822739943435,-0.22106694120011153
100.0,240.52858076326174,0.9944797617615404,-0.048081011871255755,-0.22389252392918005
100.0,243.60017179012405,0.994491178612505,-0.04798129648026533,-0.22675428767779676
100.0,246.7109875586215,0.9945028891832041,-0.047879016914590664,-0.22965269828422374
100.0,249.86152897539912,0.9945149010371837,-0.047774107206362305,-0.23258822768327314
100.0,253.05230334376543,0.9945272219331254,-0.0476664996889977,-0.23556135398991335
100.0,256.2838244453786,0.9945398598299006,-0.047556124953369625,-0.23857256158416065
100.0,259.55661262297644,0.9945528228917548,-0.047442911802853996,-0.2416223411972968
100.0,262.87119486416213,0.9945661194936302,-0.04732678720719401,-0.24471118999941
100.0,266.2281048862608,0.9945797582266234,-0.04720767625519119,-0.24783961168832983
100.0,269.62788322225845,0.994593747903589,-0.04708550210615565,-0.25100811657995303
100.0,273.0710773078399,0.9946080975648887,-0.04696018594009792,-0.2542172216999655
100.0,276.5582415695371,0.9946228164842889,-0.04683164690664429,-0.25746745087706857
100.0,280.0899375140033,0.994637914175016,-0.04669980207260404,-0.26075933483764513
100.0,283.6667338184275,0.9946534003959671,-0.04656456636820125,-0.26409341130196334
100.0,287.28920642210363,0.9946692851580847,-0.04642585253189321,-0.2674702250819171
100.0,290.95793861916866,0.9946855787308988,-0.04628357105376685,-0.27089032818034037
100.0,294.6735211525251,0.9947022916492388,-0.04613763011746537,-0.2743542798919458
100.0,298.4365523089634,0.9947194347201233,-0.04598793554060467,-0.27786264690589285
100.0,302.2476380154981,0.9947370190298288,-0.045834390713644445,-0.28141600341003753
100.0,306.10739193693536,0.9947550559511464,-0.04567689653716605,-0.2850149311969092
100.0,310.0164355746856,0.994773557150826,-0.0455153513575338,-0.2886600197714248
100.0,313.97539836683825,0.9947925345972184,-0.04534965090087155,-0.2923518664604012
100.0,317.9849177895147,0.9948120005681175,-0.04517968820532659,-0.29609107652389466
100.0,322.04563945951514,0.9948319676588083,-0.045005353551580106,-0.29987826326841355
100.0,326.15821723827645,0.9948524487903282,-0.0448265343915366,-0.30371404816203396
100.0,330.3233133371578,0.9948734572179438,-0.04464311527517026,-0.3075990609514777
100.0,334.5415984240701,0.9948950065398529,-0.04445497777546276,-0.31153393978118415
100.0,338.8137517314682,0.9949171107061148,-0.04426200041138271,-0.31551933131442716
100.0,343.14046116572143,0.9949397840278165,-0.04406405856887236,-0.31955589085652053
100.0,347.52242341788065,0.994963041186482,-0.04386102441975341,-0.32364428248015353
100.0,351.96034407586023,0.994986897243728,-0.043652766838548844,-0.32778517915293093
100.0,356.45493773805305,0.9950113676511758,-0.043439151317118244,-0.3319792628671431
100.0,361.00692812839503,0.9950364682606276,-0.04322003987705744,-0.3362272247718172
100.0,365.6170482129007,0.9950622153345079,-0.04299529097984649,-0.34052976530712564
100.0,370.286040317685,0.9950886255565856,-0.04276475943461484,-0.3448875943411957
100.0,375.01465624849453,0.995115716042978,-0.042528296303526385,-0.34930143130937663
100.0,379.80365741176365,0.9951435043534473,-0.042285748804680855,-0.353772005356012
100.0,384.6538149372167,0.9951720085029981,-0.04203696021247744,-0.35830005547882
100.0,389.565909802036,0.9952012469737815,-0.04178176975538116,-0.36288633067588766
100.0,394.54073295661624,0.9952312387273167,-0.041520012511014094,-0.3675315900953925
100.0,399.57908545192316,0.9952620032170377,-0.041251519298498844,-0.3722366031880885
100.0,404.68177856848047,0.9952935604011758,-0.040976116567980767,-0.3770021498626502
100.0,409.84963394700236,0.9953259307559826,-0.04069362628727054,-0.38182902064392304
100.0,415.0834837206951,0.9953591352893083,-0.04040386582551157,-0.386718016834177
100.0,420.38417064924806,0.9953931955545431,-0.040106647833782795,-0.3916699506774009
100.0,425.75254825453607,0.9954281336649287,-0.03980178012260375,-0.39668564552679214
100.0,431.1894809580534,0.9954639723082562,-0.03948906553619205,-0.4017659360154332
100.0,436.6958442201048,0.9955007347619559,-0.0391683018234431,-0.40691166823029906
100.0,442.27252468077216,0.9955384449085924,-0.03883928150550664,-0.41212369988967024
100.0,447.92042030268277,0.9955771272517749,-0.038501791739904916,-0.4174029005240265
100.0,453.64044051560006,0.9956168069324979,-0.03815561418104257,-0.4227501516605403
100.0,459.43350636286016,0.9956575097459169,-0.037800524837093556,-0.4281663470112277
100.0,465.30055064968025,0.9956992621585814,-0.0374362939230793,-0.4336523926649137
100.0,471.2425180933594,0.9957420913261288,-0.037062685710100095,-0.43920920728305146
100.0,477.26036547539763,0.9957860251114579,-0.036679458370588267,-0.444837722299558
100.0,483.3550617955581,0.9958310921033924,-0.03628636381948598,-0.450538882124732
100.0,489.5275884278962,0.9958773216358524,-0.03588314755121164,-0.4563136443533925
100.0,495.7789392787816,0.995924743807541,-0.035469548472358475,-0.4621629799773707
100.0,502.11012094693814,0.9959733895021698,-0.03504529872993333,-0.46808787360242277
100.0,508.5221528855265,0.9960232904092309,-0.03461012353508172,-0.4740893236697679
100.0,515.016067566299,0.9960744790453353,-0.03416374098213532,-0.4801683426822959
100.0,521.5929106458477,0.9961269887761329,-0.033705861862874324,-0.48632595743567186
100.0,528.2537411339786,0.9961808538388295,-0.03323618947587047,-0.49256320925439595
100.0,534.999631564233,0.9962361093653211,-0.032754419430758075,-0.4988811542330219
100.0,541.831668166589,0.9962927914059586,-0.032260239447341424,-0.5052808634826387
100.0,548.7509510423668,0.996350936953967,-0.03175332914932741,-0.5117634233828193
100.0,555.7585943413677,0.996410583970532,-0.031233359852612937,-0.5183299358391719
100.0,562.8557264412772,0.9964717714105775,-0.030699994347917165,-0.5249815185466612
100.0,570.0434901293552,0.996534539249254,-0.030152886677632815,-0.5317193052588597
100.0,577.3230427864506,0.9965989285091554,-0.02959168190673048,-0.5385444460633566
100.0,584.6955565733633,0.9966649812882902,-0.02901601588755277,-0.5454581076634651
100.0,592.1622186195867,0.9967327407888248,-0.02842551501832585,-0.5524614736664267
100.0,599.7242312144601,0.9968022513466251,-0.027819795995222902,-0.5595557448783528
100.0,607.3828120007631,0.9968735584616178,-0.027198465557794253,-0.5667421396060637
100.0,615.1391941707813,0.9969467088289968,-0.026561120227579265,-0.5740218939660733
100.0,622.9946266648766,0.9970217503713005,-0.025907346039707926,-0.5813962622008992
100.0,630.9503743725916,0.9970987322713839,-0.025236718267308493,-0.5888665170030161
100.0,639.0077183363252,0.997177705006313,-0.024548801138522675,-0.5964339498466004
100.0,647.1679559576058,0.9972587203822123,-0.023843147545881453,-0.6040998713273829
100.0,655.4324012060011,0.9973418315700888,-0.023119298747890177,-0.6118656115108088
100.0,663.8023848306943,0.9974270931426665,-0.02237678406255087,-0.6197325202888622
100.0,672.2792545747626,0.9975145611122588,-0.02161512055263286,-0.6277019677457378
100.0,680.8643753921923,0.9976042929697143,-0.020833812702418096,-0.6357753445327068
100.0,689.559129667666,0.9976963477244637,-0.02003235208573488,-0.6439540622525021
100.0,698.3649174391526,0.9977907859457066,-0.019210217024974448,-0.6522395538534596
100.0,707.2831566233468,0.9978876698047702,-0.018366872240876117,-0.6606332740338166
100.0,716.3152832439806,0.9979870631186766,-0.017501768492805006,-0.6691366996564408
100.0,725.4627516630544,0.9980890313949576,-0.01661434220924214,-0.677751330174454
100.0,734.7270348150191,0.9981936418777534,-0.015704015108230232,-0.6864786880679259
100.0,744.1096244439506,0.9983009635952387,-0.014770193807449072,-0.6953203192922456
100.0,753.6120313437505,0.9984110674084132,-0.013812269423678082,-0.7042777937383713
100.0,763.2357856014171,0.9985240260613062,-0.012829617161270864,-0.7133527057055016
100.0,772.9824368434207,0.9986399142326315,-0.011821595889395933,-0.7225466743865288
100.0,782.8535544852251,0.9987588085889468,-0.010787547707664585,-0.7318613443667177
100.0,792.8507279839987,0.9988807878393606,-0.009726797499830048,-0.7412983861361344
100.0,802.9755670945485,0.9990059327918388,-0.008638652475206695,-0.7508594966162324
100.0,813.2297021285253,0.9991343264111585,-0.007522401697473563,-0.7605463997011347
100.0,823.614784216938,0.9992660538785693,-0.006377315600439485,-0.7703608468141299
100.0,834.1324855760204,0.9994012026532102,-0.0052026454904412255,-0.7803046174799138
100.0,844.7844997764925,0.9995398625353438,-0.003997623034956828,-0.7903795199131786
100.0,855.5725420162622,0.9996821257314666,-0.0027614597370145106,-0.8005873916240626
100.0,866.4983493966064,0.9998280869213554,-0.001493346395013433,-0.8109301000411541
100.0,877.5636812018822,0.9999778433271161,-0.00019245254747781733,-0.8214095431526386
100.0,888.7703191828091,1.0001314947842999,0.0011420740976616761,-0.8320276501662759
100.0,900.1200678433659,1.0002891438151578,0.002511108249772021,-0.8427863821888739
100.0,911.6147547313562,1.0004508957041018,0.003915547638624687,-0.8536877329260003
100.0,923.2562307326806,1.0006168585754518,0.005356313634463081,-0.8647337294026978
100.0,935.0463703693686,1.0007871434735403,0.0068343518854911516,-0.8759264327059442
100.0,946.9870721014156,1.000961864445262,0.008350632973361045,-0.8872679387497052
100.0,959.080258632476,1.001141138625145,0.009906153087152992,-0.8987603790634431
100.0,971.327877219457,1.0013250863230327,0.01150193471644338,-0.9104059216048765
100.0,983.7318999860696,1.0015138311144733,0.013139027364077105,-0.9222067715981116
100.0,996.2943242403816,1.0017074999338986,0.01481850827917201,-0.9341651723978578
100.0,1009.0171727964232,1.0019062231707012,0.01654148321105829,-0.9462834063809338
100.0,1021.9024942999077,1.0021101347683046,0.018309087184748666,-0.9585637958660659
100.0,1034.9523635581031,1.0023193723263364,0.020122485298647106,-0.971008704062985
100.0,1048.1688818739194,1.0025340772060125,0.021982873545164795,-0.9836205360521068
100.0,1061.554177384265,1.0027543946388475,0.023891479654974138,-0.9964017397958613
100.0,1075.1104054027182,1.0029804738388133,0.025849563965660013,-1.0093548071830365
100.0,1088.8397487665804,1.0032124681180634,0.027858420315484186,-1.0224822751073634
100.0,1102.744418188358,1.0034505350063667,0.029919376963174326,-1.0357867265816858
100.0,1116.8266526117325,1.003694836374367,0.03203379753441331,-1.049270791889255
100.0,1131.0887195720798,1.0039455385608276,0.034203081996036555,-1.0629371497734732
100.0,1145.5329155615877,1.0042028125039957,0.036428667658718446,-1.076788528667831
100.0,1160.1615663990428,1.0044668338772484,0.03871203020915279,-1.0908277079674267
100.0,1174.977027604334,1.0047377832291733,0.04105468477260883,-1.1050575193440266
100.0,1189.9816847777408,1.0050158461282566,0.04345818700692116,-1.1194808481062348
100.0,1205.1779539840659,1.0053012133123527,0.0459241342289205,-1.1341006346067537
100.0,1220.5682821416715,1.0055940808431116,0.04845416657433813,-1.1489198756986039
100.0,1236.1551474164862,1.0058946502655648,0.05104996819237353,-1.1639416262424256
100.0,1251.9410596210373,1.0062031287730613,0.05371326847602327,-1.179169000666881
100.0,1267.9285606185895,1.00651972937776,0.05644584332933847,-1.1946051745845347
100.0,1284.1202247324345,1.0068446710869077,0.05924951647297394,-1.2102533864653395
100.0,1300.5186591604106,1.0071781790851149,0.06212616078916939,-1.2261169393704436
100.0,1317.1265043947192,1.0075204849228787,0.06507769970762695,-1.242199202748622
100.0,1333.9464346470963,1.007871826711598,0.06810610863362508,-1.258503614298183
100.0,1350.9811582794193,1.0082324493253396,0.07121341641982089,-1.2750336818971386
100.0,1368.233418239808,1.0086026046096315,0.07440170688326998,-1.2917929856045398
100.0,1385.7059925042984,1.0089825515975692,0.07767312036923997,-1.3087851797360988
100.0,1403.4016945241544,1.0093725567335303,0.08102985536340908,-1.3260139950173793
100.0,1421.3233736788927,1.009772894104818,0.0844741701542234,-1.3434832408179396
100.0,1439.473915735093,1.0101838456815528,0.08800838454708372,-1.3611968074699405
100.0,1457.8562433110665,1.010605701565171,0.0916348816323412,-1.3791586686751338
100.0,1476.473316347459,1.0110387602458764,0.09535610960887334,-1.397372884003978
100.0,1495.3281325838636,1.0114833288694387,0.09917458366538012,-1.4158436014911673
100.0,1514.4237280415196,1.0119397235137257,0.10309288792136732,-1.4345750603318619
100.0,1533.763177512177,1.012408269475398,0.1071136774301027,-1.4535715936832088
100.0,1553.3495950531972,1.012889301567197,0.11123968024572736,-1.4728376315759195
100.0,1573.1861344889896,1.0133831644262918,0.11547369955692136,-1.4923777039410508
100.0,1593.2759899188381,1.0138902128341727,0.11981861588961444,-1.512196443757179
100.0,1613.6223962312197,1.0144108120485946,0.12427738938127723,-1.5322985903236719
100.0,1634.22862962469,1.0149453381481144,0.1288530621295172,-1.552688992665847
100.0,1655.098008135418,1.01549417838978,0.13354876061776327,-1.573372613078297
100.0,1676.2338921714615,1.01605773158057,0.13836769822099637,-1.5943545308128393
100.0,1697.6396850538629,1.0166364084632065,0.1433131777945827,-1.6156399459179955
100.0,1719.318833564655,1.0172306321170004,0.14838859434941054,-1.6372341832372508
100.0,1741.2748285018654,1.0178408383744213,0.15359743781668822,-1.6591426965736589
100.0,1763.5112052416082,1.0184674762541264,0.15894329590591882,-1.6813710730289244
100.0,1786.0315443073541,1.019111008411215,0.16442985705970004,-1.7039250375254327
100.0,1808.839471946469,1.0197719116055244,0.17006091350920693,-1.7268104575200967
100.0,1831.9386607141175,1.020450677188823,0.1758403644343656,-1.7500333479196053
100.0,1855.3328300646197,1.021147811611806,0.18177221923293216,-1.7735998762069571
100.0,1879.0257469503638,1.0218638369518473,0.18786060090288045,-1.797516367789868
100.0,1903.0212264283582,1.022599291462522,0.1941097495427407,-1.8217893115821204
100.0,1927.3231322745457,1.0233547301459576,0.20052402597470326,-1.8464253658297918
100.0,1951.9353776059447,1.0241307253491498,0.2071079154956064,-1.8714313641945692
100.0,1976.861925510747,1.0249278673854252,0.21386603176109015,-1.8968143221075484
100.0,2002.106789686456,1.0257467651823187,0.22080312080856068,-1.9225814434072972
100.0,2027.6740350861774,1.0265880469571977,0.22792406522481604,-1.9487401272770013
100.0,2053.5677785731623,1.0274523609220423,0.2352338884644835,-1.9752979754963265
100.0,2079.7921895837076,1.0283403760188805,0.24273775932578287,-2.0022628000244627
100.0,2106.3514907985236,1.0292527826874638,0.2504409965904095,-2.0296426309319857
100.0,2133.2499588226738,1.030190293666859,0.2583490738346869,-2.0574457247001354
100.0,2160.491924874198,1.0311536448327416,0.26646762441953403,-2.0856805729071075
100.0,2188.0817754815303,1.0321435960722802,0.2748024466671751,-2.1143559113224772
100.0,2216.023953189821,1.0331609321986162,0.2833595092329164,-2.143480729431898
100.0,2244.3229572762807,1.03420646390707,0.29214495668078055,-2.1730642804155935
100.0,2272.9833444746564,1.0352810287753376,0.3011651152722482,-2.2031160916059966
100.0,2302.0097297089646,1.036385492310081,0.31042649897786984,-2.2336459754508518
100.0,2331.40678683659,1.03752074904247,0.31993581572198815,-2.2646640410105108
100.0,2361.1792494008682,1.0386877236753977,0.3296999738714662,-2.2961807060193657
100.0,2391.3319113932967,1.039887372285261,0.33972608897979706,-2.3282067095436507
100.0,2421.869628025461,1.0411206835813975,0.3500214907987488,-2.360753125269873
100.0,2452.7973165108274,1.0423886802264493,0.3605937305701789,-2.393831375460349
100.0,2484.1199568565166,1.043692420221172,0.37145058861162644,-2.427453245614695
100.0,2515.84259266519,1.0450329983574076,0.3826000822098006,-2.4616308998788483
100.0,2547.970331947177,1.046411547743215,0.3940504738371027,-2.4963768972459315
100.0,2580.5083479429695,1.0478292414044004,0.40581027970703354,-2.531704208596151
100.0,2613.461879956225,1.0492872939670022,0.4178882786854354,-2.567626234626437
100.0,2646.8362341974,1.0507869634255702,0.43029352157531253,-2.6041568247237143
100.0,2680.6367846381672,1.052329553002439,0.4430353407942203,-2.6413102968397544
100.0,2714.868973876733,1.0539164131035423,0.45612336046422564,-2.6791014584293005
100.0,2749.538314014212,1.0555489433767102,0.4695675069356767,-2.7175456285179598
100.0,2784.6503875421918,1.0572285948788174,0.4833780197673586,-2.7566586609705697
100.0,2820.210848241629,1.0589568723585985,0.4975654631869248,-2.7964569690364187
100.0,2856.2254220932277,1.060735336662448,0.5121407380570443,-2.8369575512527723
100.0,2892.699908199447,1.062565607271046,0.5271150943742288,-2.878178018794545
100.0,2929.640179718265,1.0644493649752398,0.5425001443290662,-2.9201366243641202
100.0,2967.0521848088983,1.066388354700222,0.5583078759583607,-2.9628522927226197
100.0,3004.941947589568,1.0683843884877424,0.5745506674216931,-3.0063446529714697
100.0,3043.315569107515,1.0704393486467978,0.5912413019368865,-3.050634072701394
100.0,3082.179228321392,1.0725551910840816,0.6083929834113835,-3.0957416941350107
100.0,3121.539183096211,1.0747339488262957,0.6260193528086061,-3.1416894723990407
100.0,3161.401771210987,1.0769777357474135,0.6441345052913503,-3.1885002160727827
100.0,3201.773411379254,1.0792887505149715,0.6627530081867654,-3.236197630171101
100.0,3242.660604282614,1.0816692807706099,0.6818899198207209,-3.2848063617329344
100.0,3284.069933617482,1.0841217075612817,0.7015608092724828,-3.334352048200041
100.0,3326.0080671552014,1.0866485100388872,0.7217817771042152,-3.38486136878584
100.0,3368.4817578156917,1.089252270447529,0.7425694771235715,-3.4363620990507884
100.0,3411.4978447548137,1.091935679419171,0.7639411392417608,-3.488883168918497
100.0,3455.063254465615,1.0947015416002108,0.7859145934938959,-3.5424547243868503
100.0,3499.185001893642,1.097552781633368,0.8085082952932441,-3.59710819320981
100.0,3543.870191566494,1.1004924505213494,0.8317413519960538,-3.6528763548492393
100.0,3589.126018737795,1.1035237324010498,0.8556335508594635,-3.709793415022413
100.0,3634.9597705457923,1.1066499517595065,0.8802053884808531,-3.767895085199082
100.0,3681.378827186729,1.1098745811255804,0.9054781018137112,-3.8272186674336752
100.0,3728.3906631032146,1.1132012492743337,0.931473700862189,-3.887803144952721
100.0,3776.002848187767,1.1166337499843904,0.9582150031643397,-3.949689278955743
100.0,3824.223049001722,1.1201760513921883,0.9857256701823524,-4.0129197121299915
100.0,3873.0590300097133,1.1238323059910758,1.0140302457274522,-4.077539079425676
100.0,3922.5186548299125,1.1276068613276022,1.0431541965569244,-4.143594126689942
100.0,3972.609887500237,1.131504271452277,1.073123955291786,-4.211133837814541
100.0,4023.34079376073,1.1355293091874563,1.103966965815352,-4.280209571115037
100.0,4074.719542352307,1.13968697928103,1.1357117313260054,-4.350875205729452
100.0,4126.754406332104,1.143982532521199,1.1683878652315183,-4.423187298901576
100.0,4179.453764405605,1.1484214808950157,1.202026145087812,-4.497205255100516
100.0,4232.826102275795,1.1530096138815316,1.2366585698019072,-4.572991508024101
100.0,4286.880014009535,1.1577530159794969,1.272318420337353,-4.650611716640508
100.0,4341.624203421383,1.16265808557968,1.3090403241806516,-4.730134976542179
100.0,4397.067485475102,1.1677315553031813,1.3468603238495933,-4.811634048019299
100.0,4453.218787703034,1.1729805139396896,1.3858159497486178,-4.895185602409406
100.0,4510.087151643643,1.178412430133748,1.4259462977034483,-4.980870488447142
100.0,4567.681734297379,1.184035177982816,1.4672921115364737,-5.068774020525705
100.0,4626.011809601152,1.1898570647286075,1.509895871077139,-5.158986290992534
100.0,4685.086769921628,1.19588686074296,1.5538018860371592,-5.2516025088391824
100.0,4744.916127567598,1.2021338320317763,1.5990563962200968,-5.346723367412808
100.0,4805.509516321659,1.208607775505602,1.645707678578299,-5.444455444078726
100.0,4866.876692991458,1.215319057293618,1.6938061616783882,-5.5449116351049295
100.0,4929.027538980739,1.2222786544096786,1.7434045481898983,-5.648211629426143
100.0,4991.9720618804595,1.2294982001149768,1.7945579460704688,-5.754482425383572
100.0,5055.720397080222,1.2369900333626567,1.847324009186474,-5.863858895034947
100.0,5120.282809400282,1.2447672527558422,1.9017630881804524,-5.976484401196683
100.0,5185.669694744402,1.2528437755029462,1.957938392477066,-6.092511473027039
100.0,5251.891581773811,1.2612344019137298,2.015916164408804,-6.212102546698112
100.0,5318.959133602537,1.2699548860474497,2.0757658665419374,-6.335430778550524
100.0,5386.883149514401,1.2790220132018968,2.1375603833939087,-6.4626809390947875
100.0,5455.674566701908,1.2884536850206345,2.2013762388563545,-6.594050397338275
100.0,5525.344462027387,1.2982690130971324,2.2672938307754142,-6.729750206200485
100.0,5595.904053806589,1.3084884220707163,2.3353976842937625,-6.870006301260637
100.0,5667.364703615071,1.3191337633428717,2.405776725729756,-7.015060826794778
100.0,5739.737918117651,1.3302284406962153,2.4785245789595676,-7.1651736050454
100.0,5813.035350921214,1.3417975492758187,2.5537398864810084,-7.320623766972686
100.0,5887.2688044512,1.3538680295975374,2.63152665757542,-7.4817115654230095
100.0,5962.4502318520335,1.3664688384852643,2.7119946462493245,-7.648760394784646
100.0,6038.591738911835,1.3796311391143006,2.7952597619339343,-7.8221190448696545
100.0,6115.705586011702,1.3933885126579064,2.8814445162510793,-8.002164221064204
100.0,6193.804190099898,1.407777194406632,2.9706785095227426,-8.189303367851688
100.0,6272.900126691225,1.422836337664653,3.063098961111578,-8.38397783878316
100.0,6353.006131891963,1.4386083092354627,3.1588512881357307,-8.586666463030944
100.0,6434.135104450643,1.455139020904371,3.258089737606185,-8.797889567035481
100.0,6516.30010783501,1.472478302023648,3.360978077592602,-9.018213519718705
100.0,6599.514372335527,1.4906803191271456,3.46769035363606,-9.248255881623292
100.0,6683.791297195727,1.5098040494681093,3.5784117172955545,-9.488691252564173
100.0,6769.144452769755,1.529913816514391,3.6933393344377077,-9.740257929459244
100.0,6855.587582707511,1.5510798967826662,3.8126833816511474,-10.003765506581727
100.0,6943.13460616764,1.5733792089869687,3.9366681399762014,-10.280103575341936
100.0,7031.799620058826,1.5968960983641076,4.065533195968348,-10.570251710860962
100.0,7121.5969013096765,1.6217232312747023,4.199534760926048,-10.875290969292054
100.0,7212.540909167617,1.6479626178290199,4.3389471198589336,-11.196417164654482
100.0,7304.646287527129,1.6757267834270517,4.484064222370127,-11.534956248858357
100.0,7397.927867287726,1.7051401138186841,4.635201427956035,-11.892382186139947
100.0,7492.40066874204,1.7363404026782603,4.792697418106836,-12.270337796497639
100.0,7588.079903994404,1.769480635850776,4.956916286753294,-12.67065914600164
100.0,7684.980979410317,1.8047310524660252,5.12824981865454,-13.095404190253165
100.0,7783.119498097199,1.8422815301193085,5.307119961675379,-13.546886537453942
100.0,7882.511262416809,1.882344349329451,5.493981492704817,-14.02771539803395
100.0,7983.172276529767,1.9251574014682542,5.689324866963328,-14.540843039475863
100.0,8085.118748972555,1.9709879141078683,5.893679224783646,-15.089621381780715
100.0,8188.367095267432,2.0201367777562047,6.1076155059003625,-15.677869768625095
100.0,8292.933940565683,2.0729435672283563,6.331749584810906,-16.30995645397034
100.0,8398.836122324592,2.1297923575238498,6.566745285888608,-16.990896981468012
100.0,8506.09069301867,2.191118434616149,6.813317054729723,-17.7264734383017
100.0,8614.714922885425,2.2574159900187953,7.072231939399448,-18.52337957585595
100.0,8724.726302706255,2.3292468540743045,7.344310351897355,-19.389398050487614
100.0,8836.142546622807,2.4072502491125687,7.630424806409684,-20.333617590368075
100.0,8948.981594989356,2.492153400415182,7.931495421888879,-21.366699764588795
100.0,9063.261617261553,2.584782580769885,8.248480364900752,-22.501207198316845
100.0,9179.0010149221,2.686073700701009,8.582358494045147,-23.752007415980735
100.0,9296.218424443776,2.7970807544391683,8.93410010112411,-25.136768650397844
100.0,9414.932720290297,2.9189790673176574,9.304619611435317,-26.67656512127677
100.0,9535.163017955501,3.053058003114835,9.694701105255358,-28.396607767961985
100.0,9656.928677041346,3.200694017566836,10.104883162145548,-30.327108852607527
100.0,9780.249304375211,3.3632888571419968,10.535283368746216,-32.50426880576582
100.0,9905.144757167005,3.5421482056458506,10.985334567615437,-34.97132938127837
100.0,10031.6351462066,3.7382620925689483,11.453394936929861,-37.779548080291924
100.0,10159.74083910209,3.9519299063291893,11.93618466181176,-40.9887818517346
100.0,10289.482463559383,4.1821540573305445,12.428000536233872,-44.667077674661236
100.0,10420.88091070373,4.425722532284281,12.919683652849717,-48.88821226533586
100.0,10553.957338443613,4.675950793593745,13.397398646104211,-53.725530447781054
100.0,10688.733174877609,4.9212323837376255,13.841477463624406,-59.23996462322595
100.0,10825.230121744786,5.143943366089066,14.225923568733872,-65.460556289578
100.0,10963.470157919102,5.320822698171941,14.519575749858966,-72.35857137546844
100.0,11103.475542948509,5.42625180040794,14.689998858877917,-79.82251855867933
100.0,11245.268820639172,5.438901128652454,14.710223280841232,-87.64878037495744
100.0,11388.872822685507,5.349532813225054,14.566317115199038,-95.56288662101822
100.0,11534.310672346573,5.165333968780241,14.2619681283787,-103.27173168972782
100.0,11681.605788169389,4.907511995647424,13.817227396768907,-110.52485773138598
100.0,11830.781887759813,4.603747312455486,13.262229566670875,-117.15554190476378
100.0,11981.862991601585,4.280338146452234,12.629561592120236,-123.08837557678714
100.0,12134.873426924116,3.957573133382142,11.948578981772345,-128.32145801538718
100.0,12289.837831619689,3.648683302901264,11.242723385290729,-132.8996485935169
100.0,12446.78115821068,3.360924057115707,10.52917398668078,-136.89083583637716
100.0,12605.728677867442,3.0973163016981986,9.819711166017285,-140.36960695486098
100.0,12766.705984477452,2.858231546708589,9.121948165687888,-143.4078969059834
100.0,12929.738998766537,2.6425582909444563,8.440491519637032,-146.07057064830695
100.0,13094.853972472603,2.448463688146287,7.777873352262331,-148.4139612317173
100.0,13262.077492572726,2.2738512980643595,7.135241198751837,-150.4859623531256
100.0,13431.43648556422,2.1166167730045355,6.512844666902647,-152.3268239242276
100.0,13602.958221800363,1.9747787217943469,5.910368781147505,-153.97018448907605
100.0,13776.670319881503,1.8465364797581592,5.327157837911343,-155.44410852763943
100.0,13952.600751102222,1.7302871189180329,4.762363493968768,-156.77202706786093
100.0,14130.777843955313,1.6246210261158474,4.215041392924011,-157.97354770027047
100.0,14311.230288693256,1.5283072099069999,3.684213238680216,-159.06513262799555
100.0,14493.987141947946,1.4402745689449525,3.168905847611418,-160.06065729897023
100.0,14679.077831409433,1.3595924612952683,2.668174956600221,-160.97186671229233
100.0,14866.532160564388,1.2854522535976352,2.181118999831521,-161.80874662896352
100.0,15056.380313495098,1.217150598121503,1.7068863367750127,-162.5798252074168
100.0,15248.652859739721,1.1540746794552526,1.2446782531004827,-163.29241828935483
100.0,15443.380759214644,1.0956894095926095,0.7937492797502856,-163.95282926651913
100.0,15640.595367199687,1.0415264243271507,0.3534058561772927,-164.56651240503356
100.0,15840.328439386893,0.991174683555516,-0.07699598357919221,-165.13820676404416
100.0,16042.61213699396,0.9442724679805815,-0.49805345584623206,-165.67204641588
100.0,16247.47903194281,0.900500574763851,-0.9103201129313951,-166.17165152119375
100.0,16454.962112104367,0.8595765337395653,-1.314308983354235,-166.64020389092016
100.0,16665.094786610294,0.8212496878175125,-1.7104956504187796,-167.08050993490934
100.0,16877.910891232572,0.7852970030251053,-2.0993211993590686,-167.49505331730234
100.0,17093.44469383176,0.7515194937692343,-2.481194994113433,-167.88603917979836
100.0,17311.73089987485,0.7197391667351021,-2.8564972650191067,-168.25543143045633
100.0,17532.80465802356,0.6897964022640117,-3.22558150180694,-168.60498430726523
100.0,17756.701565794036,0.6615477051872387,-3.5887766545469435,-168.9362691963533
100.0,17983.45767528876,0.6348637681684491,-3.946389150228552,-169.2506975017857
100.0,18213.10949900173,0.6096277998867121,-4.298704735530804,-169.54954021755955
100.0,18445.694015697714,0.5857340781370165,-4.64599015777717,-169.83394473493664
100.0,18681.248676366627,0.5630866943749001,-4.988494696576441,-170.10494932363244
100.0,18919.811410253908,0.5415984615977798,-5.32645155856105,-170.36349564888718
100.0,19161.420630967954,0.5211899619194081,-5.660079147177981,-170.61043962438657
100.0,19406.115242665444,0.5017887139094236,-5.98958221881719,-170.84656085046782
100.0,19653.93464631584,0.4833284428657766,-6.315152935782811,-171.07257084575576
100.0,19904.918746045674,0.46574843977105296,-6.636971825787682,-171.28912024650882
100.0,20159.107955564,0.44899299684263483,-6.955208656829697,-171.4968051200897
100.0,20416.543204669815,0.43301090939454595,-7.270023235511543,-171.69617251596188
100.0,20677.265945842657,0.4177550352456649,-7.581566136113157,-171.88772535854656
100.0,20941.318160917286,0.403181904184425,-7.889979367024976,-172.0719267704255
100.0,21208.74236784366,0.38925137107486807,-8.195396980504444,-172.24920390115534
100.0,21479.581627533225,0.3759263070966002,-8.497945631128339,-172.41995132590114
100.0,21753.879550792604,0.36317232437952335,-8.797745087777521,-172.5845340688176
100.0,22031.680305345857,0.3509575299460456,-9.094908703506114,-172.74329029829494
100.0,22313.02862294644,0.33925230542772833,-9.389543847210412,-172.89653373459518
100.0,22597.969806579924,0.3280291094957034,-9.681752300619772,-173.04455580482195
100.0,22886.54973775872,0.31726230034764674,-9.971630623779275,-173.18762757543223
100.0,23178.814883910014,0.3069279759394789,-10.259270491877803,-173.32600148846478
100.0,23474.812305857944,0.29700382994628705,-10.544759005991517,-173.45991292422107
100.0,23774.58966540144,0.2874690216916982,-10.828178980059471,-173.58958161019123
100.0,24078.19523298867,0.27830405850445356,-11.109609206180298,-173.71521289349343
100.0,24385.67789548972,0.26949068915041335,-11.389124700116291,-173.83699889192602
100.0,24697.087164068344,0.26101180715221206,-11.666796928707901,-173.95511953686207
100.0,25012.47318215429,0.25285136295088495,-11.942694020739227,-174.06974351960184
100.0,25331.886733517473,0.24499428398725345,-12.216880962648384,-174.18102915140102
100.0,25655.379250445214,0.23742640188829855,-12.48941978034514,-174.2891251461817
100.0,25983.00282202392,0.23013438603741643,-12.760369708280715,-174.39417133387843
100.0,26314.810202526525,0.22310568288929164,-13.02978734680844,-174.49629931145572
100.0,26650.85481990702,0.21632846046172385,-13.297726808778984,-174.59563303783133
100.0,26991.190784403516,0.20979155749952097,-13.564239856228188,-174.69228937824153
100.0,27335.87289725106,0.2034844368607046,-13.829376027938356,-174.7863786029696
100.0,27684.95665950585,0.19739714272375802,-14.093182758584579,-174.8780048448218
100.0,28038.498280982043,0.19152026125738345,-14.355705490114758,-174.96726651926227
100.0,28396.554689302702,0.1858448844319413,-14.616987775955492,-175.05425671070049
100.0,28759.183539066362,0.1803625766850762,-14.877071378584926,-175.13906352805836
100.0,29126.44322113062,0.17506534418354439,-15.135996360967315,-175.22177043241967
100.0,29498.392872014316,0.16994560644942494,-15.393801172302181,-175.3024565392756
100.0,29875.092383419647,0.1649961701421281,-15.650522728502967,-175.38119689762675
100.0,30256.60241187615,0.16021020480827133,-15.906196487785884,-175.4580627479758
100.0,30642.98438850757,0.15558122042990125,-16.160856521717985,-175.53312176104225
100.0,31034.300528923588,0.1511030466179374,-16.414535582045467,-175.6064382588541
100.0,31430.613843237836,0.14676981331236766,-16.667265163597214,-175.67807341970928
100.0,31831.988146213847,0.14257593286382694,-16.919075563535092,-175.74808546835862
100.0,32238.488067540584,0.13851608338291546,-17.169995937201055,-175.81652985263398
100.0,32650.179062239167,0.13458519325413032,-17.420054350791617,-175.88345940763088
100.0,33067.1274212025,0.13077842672071832,-17.66927783107243,-175.9489245084534
100.0,33489.400281869515,0.12709117045524093,-17.917692412329274,-176.01297321243587
100.0,33917.065639035674,0.12351902103827085,-18.165323180737015,-176.0756513916752
100.0,34350.19235580161,0.12005777327451438,-18.412194316314395,-176.1370028566314
100.0,34788.85017466149,0.11670340928185088,-18.658329132619954,-176.1970694714881
100.0,35233.109728733034,0.11345208829437928,-18.903750114333032,-176.25589126190457
100.0,35683.04255313093,0.11030013712561637,-19.148478952853214,-176.3135065157352
100.0,36138.721096485526,0.10724404124257161,-19.392536580041973,-176.3699518772445
100.0,36600.21873260844,0.10428043640556646,-19.635943200221316,-176.42526243529963
100.0,37067.609772307485,0.10140610083242241,-19.878718320536375,-176.47947180598308
100.0,37540.96947535216,0.09861794784906082,-20.12088077978081,-176.53261221003123
100.0,38020.37406259203,0.09591301899164717,-20.362448775777573,-176.58471454547086
100.0,38505.90072822995,0.09328847752823768,-20.603439891400896,-176.63580845579563
100.0,38997.62765225189,0.09074160237044876,-20.84387111931948,-176.68592239399777
100.0,39495.63401301561,0.08826978234800785,-21.083758885535595,-176.73508368274355
100.0,40000.0,0.08587051082117644,-21.323119071789563,-176.78331857095998
300.0,20.0,0.9940450355250322,-0.05187878615940143,-0.027197073193303934
300.0,20.25540341335864,0.9940452732899816,-0.05187670858767233,-0.0275443910745605
300.0,20.514068371895043,0.9940455171664196,-0.05187457761474459,-0.02789614452111151
300.0,20.776036526097773,0.9940457673114389,-0.05187239186799572,-0.028252390185840377
300.0,21.04135005833923,0.9940460238861692,-0.05187014993952782,-0.028613185445487722
300.0,21.310051689667922,0.9940462870558833,-0.05186785038524708,-0.028978588409904523
300.0,21.582184686687434,0.9940465569901017,-0.05186549172394233,-0.029348657931430776
300.0,21.857792868523266,0.9940468338627027,-0.05186307243633061,-0.029723453614395597
300.0,22.136920613878615,0.9940471178520345,-0.05186059096407168,-0.030103035824735277
300.0,22.419612868180305,0.9940474091410293,-0.05185804570877584,-0.030487465699735917
300.0,22.705915150815933,0.9940477079173222,-0.05185543503096211,-0.03087680515790501
300.0,22.995873562463437,0.9940480143733716,-0.05185275724900787,-0.031271116908960964
300.0,23.28953479251428,0.9940483287065832,-0.05185001063806541,-0.03167046446396312
300.0,23.58694612659143,0.9940486511194369,-0.05184719342895237,-0.03207491214556149
300.0,23.88815545416332,0.9940489818196176,-0.05184430380700818,-0.03248452509838336
300.0,24.19321127625508,0.9940493210201494,-0.05184133991092723,-0.032899369299548946
300.0,24.502162713258198,0.9940496689395321,-0.05183829983155915,-0.033319511569330884
300.0,24.815059512839944,0.9940500258018822,-0.05183518161067991,-0.03374501958193995
300.0,25.1319520579538,0.9940503918370774,-0.05183198323973093,-0.03417596187645805
300.0,25.452891374952156,0.9940507672809054,-0.051828702658519445,-0.034612407867906175
300.0,25.77792914180263,0.9940511523752141,-0.05182533775390043,-0.03505442785845763
300.0,26.107117696409308,0.9940515473680692,-0.05182188635840905,-0.03550209304879561
300.0,26.440510045040245,0.9940519525139133,-0.0518183462488631,-0.035955475549614216
300.0,26.77815987086258,0.9940523680737294,-0.05181471514493822,-0.03641464839326942
300.0,27.120121542586663,0.9940527943152101,-0.05181099070768985,-0.03687968554558221
300.0,27.466450123220557,0.994053231512929,-0.051807170538053844,-0.03735066191778793
300.0,27.81720137893633,0.9940536799485186,-0.05180325217529562,-0.03782765337864453
300.0,28.17243178804958,0.994054139910851,-0.051799233095427444,-0.038310736766694276
300.0,28.532198550113645,0.9940546116962247,-0.05179511070958198,-0.038799989902686245
300.0,28.896559595129922,0.9940550956085549,-0.05179088236234416,-0.039295491602152385
300.0,29.2655735928758,0.9940555919595698,-0.05178654533004047,-0.03979732168815354
300.0,29.639299962351746,0.9940561010690111,-0.05178209681898741,-0.040305561004184566
300.0,30.017798881349012,0.9940566232648409,-0.051777533963680886,-0.04082029142724882
300.0,30.401131296139496,0.9940571588834515,-0.05177285382496717,-0.04134159588109715
300.0,30.78935893128941,0.9940577082698842,-0.051768053388129495,-0.04186955834964274
300.0,31.18254429959819,0.9940582717780491,-0.051763129560968846,-0.042404263890545524
300.0,31.580750712164413,0.994058849770956,-0.05175807917178684,-0.0429457986489728
300.0,31.98404228858017,0.9940594426209464,-0.05175289896736181,-0.04349424987153807
300.0,32.39248396725569,0.9940600507099341,-0.051747585610840564,-0.044049705920419575
300.0,32.8061415158758,0.9940606744296508,-0.051742135679600086,-0.04461225628766025
300.0,33.225081541989866,0.9940613141818997,-0.051736545663030695,-0.045181991609653256
300.0,33.64937150373704,0.9940619703788135,-0.05173081196027853,-0.04575900368181364
300.0,34.07907972070841,0.9940626434431205,-0.05172493087792696,-0.04634338547344433
300.0,34.514275384947915,0.9940633338084164,-0.05171889862761786,-0.04693523114278748
300.0,34.95502857209371,0.9940640419194445,-0.051712711323608,-0.04753463605227155
300.0,35.40141025266179,0.994064768232382,-0.0517063649802672,-0.04814169678396262
300.0,35.85349230347375,0.9940655132151344,-0.05169985550950486,-0.048756511155208605
300.0,36.3113475192305,0.994066277347636,-0.05169317871814794,-0.04937917823448789
300.0,36.77504962423367,0.9940670611221609,-0.05168633030522402,-0.05000979835746228
300.0,37.244673284256805,0.9940678650436388,-0.05167930585920456,-0.05064847314324262
300.0,37.72029411856813,0.9940686896299813,-0.05167210085515037,-0.05129530551086173
300.0,38.20198871210684,0.9940695354124158,-0.05166471065180169,-0.05195039969595606
300.0,38.689834627814854,0.994070402935827,-0.051657130488591906,-0.052613861267671064
300.0,39.183910419126114,0.9940712927591098,-0.05164935548256708,-0.05328579714578984
300.0,39.68429564261532,0.9940722054555273,-0.05164138062525617,-0.05396631561806817
300.0,40.19107087080819,0.9940731416130831,-0.0516332007794259,-0.05465552635781174
300.0,40.70431770515536,0.9940741018348979,-0.051624810675787176,-0.05535354044166663
300.0,41.22411878917192,0.9940750867395995,-0.05161620490958814,-0.05606047036766015
300.0,41.75055782174475,0.9940760969617219,-0.05160737793713551,-0.056776430073455925
300.0,42.2837195706098,0.9940771331521133,-0.05159832407222488,-0.05750153495485434
300.0,42.82368988600147,0.9940781959783571,-0.05158903748246728,-0.0582359018845465
300.0,43.370555714476296,0.9940792861252009,-0.05157951218554313,-0.05897964923108484
300.0,43.92440511291322,0.9940804042949993,-0.05156974204533509,-0.05973289687813102
300.0,44.4853272626925,0.9940815512081654,-0.05155972076798626,-0.06049576624393209
300.0,45.0534124840559,0.9940827276036367,-0.051549441897831554,-0.06126838030106231
300.0,45.62875225065003,0.9940839342393505,-0.05153889881324565,-0.06205086359641932
300.0,46.211439204255626,0.9940851718927334,-0.05152808472237098,-0.06284334227148146
300.0,46.80156716970473,0.9940864413612017,-0.05151699265874675,-0.0636459440828282
300.0,47.39923116998855,0.9940877434626768,-0.05150561547681118,-0.0644587984229337
300.0,48.00452744155806,0.9940890790361119,-0.0514939458473001,-0.06528203634122483
300.0,48.617553449820186,0.9940904489420327,-0.05148197625252733,-0.06611579056542395
300.0,49.238407904831696,0.9940918540630937,-0.051469698981528554,-0.06696019552316225
300.0,49.867190777193656,0.9940932953046457,-0.05145710612510733,-0.06781538736387797
300.0,50.50400331414874,0.9940947735953215,-0.05144418957071946,-0.06868150398101147
300.0,51.14894805588423,0.9940962898876333,-0.05143094099725846,-0.06955868503447954
300.0,51.80212885204306,0.9940978451585879,-0.051417351869687225,-0.0704470719734474
300.0,52.46365087844586,0.9940994404103171,-0.05140341343353204,-0.07134680805940224
300.0,53.13362065402642,0.9941010766707234,-0.051389116709245994,-0.07225803838953648
300.0,53.81214605798349,0.9941027549941437,-0.051374452486420336,-0.07318090992041955
300.0,54.499336347151626,0.9941044764620289,-0.05135941131784383,-0.07411557149200616
300.0,55.19530217359378,0.9941062421836422,-0.05134398351341599,-0.07506217385193681
300.0,55.90015560241866,0.9941080532967745,-0.051328159133895684,-0.07602086968017777
300.0,56.61401012982551,0.9941099109684779,-0.051311927984505526,-0.0769918136139797
300.0,57.33698070137941,0.9941118163958197,-0.05129527960834464,-0.07797516227315633
300.0,58.06918373051995,0.994113770806654,-0.051278203279659124,-0.07897107428571407
300.0,58.81073711730618,0.9941157754604143,-0.05126068799692188,-0.07997971031380843
300.0,59.561760267401084,0.9941178316489263,-0.051242722475741125,-0.08100123308005211
300.0,60.322374111298245,0.9941199406972413,-0.051224295141586065,-0.08203580739416187
300.0,61.09270112379437,0.9941221039644916,-0.051205394122321855,-0.08308360017996967
300.0,61.87286534371018,0.9941243228447673,-0.0511860072405608,-0.08414478050278736
300.0,62.66299239386335,0.9941265987680165,-0.05116612200580261,-0.0852195195971341
300.0,63.463209501296305,0.9941289332009678,-0.05114572560638894,-0.08630799089483064
300.0,64.27364551776259,0.9941313276480777,-0.05112480490123827,-0.0874103700534838
300.0,65.09443094047457,0.9941337836525009,-0.05110334641137194,-0.08852683498532168
300.0,65.92569793311637,0.9941363027970874,-0.051081336311225384,-0.08965756588643868
300.0,66.76758034712479,0.9941388867054037,-0.05105876041973022,-0.0908027452664262
300.0,67.62021374324243,0.9941415370427814,-0.05103560419117094,-0.0919625579783896
300.0,68.48373541334568,0.994144255517392,-0.05101185270580572,-0.0931371912493748
300.0,69.35828440255162,0.9941470438813509,-0.05098749066023969,-0.09432683471120314
300.0,70.24400153160717,0.9941499039318478,-0.05096250235755933,-0.09553168043172122
300.0,71.14102941956426,0.9941528375123075,-0.050936871697210805,-0.09675192294646086
300.0,72.04951250674448,0.9941558465135811,-0.05091058216461136,-0.0979877592907457
300.0,72.96959707799692,0.9941589328751661,-0.050883616820503755,-0.09923938903219567
300.0,73.90143128625317,0.9941620985864611,-0.05085595829001574,-0.10050701430371495
300.0,74.84516517638308,0.9941653456880487,-0.050827588751472356,-0.10179083983688553
300.0,75.80095070935505,0.9941686762730153,-0.0507984899248863,-0.10309107299583566
300.0,76.768941786705,0.9941720924883025,-0.050768643060172966,-0.10440792381156133
300.0,77.74929427531778,0.994175596536095,-0.050738028925049604,-0.10574160501670378
300.0,78.74216603252486,0.9941791906752435,-0.05070662779262722,-0.10709233208082232
300.0,79.74771693152283,0.9941828772227238,-0.050674419428691636,-0.10846032324611768
300.0,80.7661088871163,0.9941866585551346,-0.05064138307864338,-0.10984579956367066
300.0,81.79750588178959,0.994190537110234,-0.0506074974541027,-0.111248984930149
300.0,82.84207399211121,0.9941945153885149,-0.0505727407191794,-0.1126701061250402
300.0,83.89998141547592,0.9941985959548214,-0.05053709047638074,-0.11410939284837478
300.0,84.97139849718786,0.9942027814400067,-0.05050052375216213,-0.11556707775898255
300.0,86.05649775788984,0.9942070745426352,-0.05046301698209263,-0.11704339651325701
300.0,87.1554539213426,0.994211478030727,-0.050424545995651895,-0.11853858780447778
300.0,88.26844394255923,0.9942159947435467,-0.05038508600063927,-0.12005289340263754
300.0,89.3956470362985,0.9942206275934424,-0.05034461156715527,-0.12158655819486901
300.0,90.53724470592226,0.9942253795677272,-0.050303096611203184,-0.12313983022638703
300.0,91.69342077262121,0.9942302537306128,-0.05026051437784205,-0.12471296074201992
300.0,92.86436140501408,0.9942352532251919,-0.05021683742392115,-0.12630620422830938
300.0,94.05025514912464,0.9942403812754719,-0.05017203760036029,-0.127919818456214
300.0,95.25129295874152,0.9942456411884611,-0.05012608603397798,-0.12955406452437898
300.0,96.46766822616584,0.9942510363563096,-0.05007895310884916,-0.13120920690303356
300.0,97.69957681335141,0.9942565702585043,-0.05003060844718296,-0.13288551347850366
300.0,98.94721708344264,0.9942622464641218,-0.04998102088970912,-0.13458325559832174
300.0,100.21078993271514,0.9942680686341391,-0.04993015847555261,-0.13630270811701806
300.0,101.4904988229242,0.9942740405238049,-0.04987798842159305,-0.13804414944250665
300.0,102.78654981406649,0.9942801659850705,-0.04982447710129633,-0.13980786158316685
300.0,104.09915159756,0.9942864489690859,-0.04976959002299056,-0.14159413019556893
300.0,105.42851552984779,0.9942928935287583,-0.04971329180759231,-0.14340324463288806
300.0,106.77485566643068,0.9942995038213791,-0.04965554616574373,-0.1452354979940004
300.0,108.1383887963348,0.9943062841113172,-0.04959631587437714,-0.14709118717329106
300.0,109.51933447701919,0.9943132387727833,-0.049535562752655964,-0.14897061291115352
300.0,110.91791506972905,0.9943203722926652,-0.04947324763731175,-0.15087407984523882
300.0,112.33435577530071,0.9943276892734357,-0.04940933035734152,-0.1528018965624304
300.0,113.76888467042347,0.9943351944361389,-0.04934376970803282,-0.15475437565155617
300.0,115.22173274436506,0.9943428926234502,-0.04927652342434885,-0.15673183375688443
300.0,116.69313393616545,0.9943507888028189,-0.049207548153597236,-0.15873459163238704
300.0,118.18332517230616,0.9943588880696893,-0.04913679942742165,-0.1607629741967824
300.0,119.69254640486021,0.9943671956508094,-0.04906423163303318,-0.16281731058939786
300.0,121.22104065012964,0.9943757169076208,-0.048989797983742055,-0.16489793422683593
300.0,122.76905402777612,0.9943844573397403,-0.04891345048869196,-0.16700518286048008
300.0,124.33683580045141,0.9943934225885305,-0.048835139921830494,-0.1691393986348488
300.0,125.9246384139338,0.9944026184407628,-0.04875481579007343,-0.17130092814678932
300.0,127.53271753777737,0.9944120508323772,-0.04867242630064391,-0.17349012250559234
300.0,129.16133210647996,0.9944217258523371,-0.048587918327575315,-0.17570733739395428
300.0,130.81074436117717,0.9944316497465876,-0.048501237377337636,-0.17795293312987415
300.0,132.48121989186862,0.9944418289221142,-0.048412327553581096,-0.18022727472947425
300.0,134.17302768018362,0.9944522699511085,-0.04832113152096744,-0.18253073197075864
300.0,135.88644014269272,0.9944629795752418,-0.04822759046806431,-0.1848636794583299
300.0,137.62173317477263,0.9944739647100499,-0.04813164406928301,-0.1872264966891089
300.0,139.37918619503108,0.9944852324494328,-0.048033230445825165,-0.18961956811900396
300.0,141.15908219029916,0.9944967900702704,-0.0479322861256267,-0.19204328323065178
300.0,142.9617077611979,0.9945086450371602,-0.047828746002254854,-0.1944980366021498
300.0,144.78735316828744,0.9945208050072762,-0.04772254329275834,-0.1969842279768772
300.0,146.6363123788046,0.9945332778353575,-0.047613609494402354,-0.19950226233436502
300.0,148.5088831139981,0.9945460715788238,-0.04750187434030682,-0.20205254996228159
300.0,150.40536689706786,0.9945591945030277,-0.04738726575391503,-0.2046355065295294
300.0,152.3260691017163,0.994572655086641,-0.04726970980230143,-0.20725155316047697
300.0,154.27129900132044,0.9945864620271844,-0.04714913064825718,-0.20990111651037496
300.0,156.24136981873087,0.9946006242466997,-0.04702545050113463,-0.2125846288419294
300.0,158.2365987767076,0.9946151508975716,-0.04689858956642596,-0.21530252810310804
300.0,160.25730714899925,0.9946300513685012,-0.04676846599402242,-0.21805525800618417
300.0,162.30382031207517,0.9946453352906361,-0.0466349958251424,-0.22084326810799912
300.0,164.37646779751773,0.99466101254386,-0.04649809293788104,-0.22366701389158444
300.0,166.47558334508386,0.9946770932632485,-0.04635766899133851,-0.22652695684902793
300.0,168.6015049564441,0.9946935878456933,-0.04621363336830937,-0.22942356456570936
300.0,170.75457494960807,0.9947105069567,-0.046065893116475756,-0.23235731080591995
300.0,172.93514001404478,0.9947278615373643,-0.045914352888082405,-0.2353286755998378
300.0,175.1435512665069,0.9947456628115315,-0.045758914878030285,-0.23833814533197817
300.0,177.3801643075679,0.9947639222931428,-0.04559947876039038,-0.2413862128310609
300.0,179.64533927888138,0.9947826517937776,-0.04543594162322234,-0.24447337746139922
300.0,181.93944092117124,0.9948018634303891,-0.045268197901753945,-0.2476001452157752
300.0,184.26283863296274,0.9948215696332493,-0.04509613930977114,-0.2507670288099257
300.0,186.61590653006328,0.9948417831540978,-0.04491965476926173,-0.2539745477785466
300.0,188.99902350580302,0.9948625170745081,-0.04473863033820975,-0.25722322857297303
300.0,191.4125732920446,0.9948837848144739,-0.044552949136515155,-0.26051360466051526
300.0,193.85694452097215,0.9949056001412204,-0.04436249126999053,-0.26384621662548285
300.0,196.33253078766876,0.9949279771782502,-0.04416713375236572,-0.26722161227192515
300.0,198.83973071349433,0.9949509304146265,-0.04396675042527122,-0.27064034672820564
300.0,201.3789480102713,0.9949744747145003,-0.04376121187614565,-0.27410298255333865
300.0,203.95059154529108,0.9949986253268943,-0.0435503853539659,-0.2776100898452208
300.0,206.5550754071501,0.995023397895738,-0.04333413468283974,-0.28116224635074666
300.0,209.19281897242698,0.9950488084701761,-0.04311232017328098,-0.2847600375778858
300.0,211.8642469732107,0.9950748735151443,-0.0428847985312163,-0.28840405690975185
300.0,214.56978956549148,0.9951016099222291,-0.04265142276459164,-0.29209490572071367
300.0,217.30988239842515,0.9951290350208125,-0.042412042087553836,-0.29583319349459847
300.0,220.08496668448123,0.9951571665895161,-0.042166501822114705,-0.29961953794503976
300.0,222.8954892704882,0.9951860228679457,-0.041914643297264034,-0.3034545651380083
300.0,225.74190270958454,0.9952156225687513,-0.04165630374541949,-0.30733890961663296
300.0,228.62466533408966,0.995245984890006,-0.04139131619619326,-0.3112732145282632
300.0,231.54424132930478,0.9952771295279158,-0.04111950936736084,-0.31525813175394507
300.0,234.50110080825687,0.9953090766898665,-0.040840707552990976,-0.319294322040322
300.0,237.4957198873962,0.9953418471078223,-0.04055473050861798,-0.3233824551339603
300.0,240.52858076326174,0.995375462052078,-0.040261393333440094,-0.32752320991830547
300.0,243.60017179012405,0.995409943345382,-0.039960506349404595,-0.3317172745531717
300.0,246.7109875586215,0.9954453133774356,-0.03965187497712684,-0.3359653466169836
300.0,249.86152897539912,0.9954815951197818,-0.03933529960855227,-0.34026813325171096
300.0,253.05230334376543,0.995518812141092,-0.0390105754762861,-0.3446263513106445
300.0,256.2838244453786,0.9955569886228646,-0.038677492519464465,-0.3490407275090928
300.0,259.55661262297644,0.9955961493755442,-0.03833583524612731,-0.3535119985780117
300.0,262.87119486416213,0.9956363198550753,-0.03798538259195045,-0.35804091142073835
300.0,266.2281048862608,0.9956775261799007,-0.03762590777527353,-0.36262822327280064
300.0,269.62788322225845,0.9957197951484199,-0.03725717814829679,-0.36727470186499833
300.0,273.0710773078399,0.9957631542569162,-0.03687895504437756,-0.3719811255897668
300.0,276.5582415695371,0.995807631717972,-0.03649099362126646,-0.37674828367097873
300.0,280.0899375140033,0.9958532564793782,-0.03609304270024931,-0.38157697633717896
300.0,283.6667338184275,0.995900058243559,-0.035684844601005614,-0.38646801499845773
300.0,287.28920642210363,0.9959480674875225,-0.03526613497212577,-0.3914222224270239
300.0,290.95793861916866,0.9959973154833531,-0.03483664261713984,-0.39644043294156006
300.0,294.6735211525251,0.9960478343192612,-0.03439608931594684,-0.4015234925954609
300.0,298.4365523089634,0.9960996569212072,-0.033944189641509734,-0.40667225936914686
300.0,302.2476380154981,0.9961528170751138,-0.033480650771700544,-0.4118876033664765
300.0,306.10739193693536,0.9962073494496861,-0.03300517229615843,-0.41717040701539865
300.0,310.0164355746856,0.9962632896198558,-0.032517446018011036,-0.4225215652730391
300.0,313.97539836683825,0.9963206740908667,-0.032017155750343806,-0.42794198583525056
300.0,317.9849177895147,0.9963795403230226,-0.031503977107249254,-0.4334325893508178
300.0,322.04563945951514,0.9964399267571139,-0.030977577289324227,-0.4389943096404382
300.0,326.15821723827645,0.9965018728405446,-0.03043761486345588,-0.4446280939206608
300.0,330.3233133371578,0.9965654190541797,-0.029883739536733723,-0.4503349030328388
300.0,334.5415984240701,0.9966306069399342,-0.029315591924336405,-0.4561157116773824
300.0,338.8137517314682,0.9966974791291237,-0.028732803311229953,-0.4619715086533206
300.0,343.14046116572143,0.9967660793716033,-0.02813499540747642,-0.46790329710348283
300.0,347.52242341788065,0.9968364525657131,-0.02752178009702512,-0.47391209476538304
300.0,351.96034407586023,0.9969086447890573,-0.02689275917975712,-0.4799989342279703
300.0,356.45493773805305,0.9969827033301414,-0.026247524106627104,-0.4861648631945415
300.0,361.00692812839503,0.9970586767208922,-0.02558565570769378,-0.4924109447518647
300.0,365.6170482129007,0.9971366147700867,-0.024906723912856008,-0.49873825764584206
300.0,370.286040317685,0.9972165685977196,-0.024210287465066104,-0.5051478965637893
300.0,375.01465624849453,0.9972985906703333,-0.023495893625841972,-0.5116409724236869
300.0,379.80365741176365,0.9973827348373456,-0.022763077872826117,-0.5182186126705135
300.0,384.6538149372167,0.9974690563683984,-0.022011363589201735,-0.5248819615799301
300.0,389.565909802036,0.9975576119917652,-0.02124026174470263,-0.5316321805695907
300.0,394.54073295661624,0.9976484599338424,-0.020449270568024702,-0.538470448518273
300.0,399.57908545192316,0.9977416599597675,-0.019637875210327248,-0.5453979620930984
300.0,404.68177856848047,0.9978372734151867,-0.018805547399654125,-0.5524159360851669
300.0,409.84963394700236,0.997935363269218,-0.017951745085948816,-0.5595256037537977
300.0,415.0834837206951,0.9980359941586419,-0.01707591207641764,-0.5667282171797463
300.0,420.38417064924806,0.9981392324333572,-0.016177477660985734,-0.5740250476276336
300.0,425.75254825453607,0.9982451462031438,-0.015255856227533525,-0.5814173859179582
300.0,431.1894809580534,0.9983538053857723,-0.014310446866625094,-0.5889065428089667
300.0,436.6958442201048,0.9984652817565034,-0.013340632965443258,-0.5964938493887691
300.0,442.27252468077216,0.9985796489990193,-0.012345781790599543,-0.6041806574780333
300.0,447.92042030268277,0.9986969827578358,-0.011325244059503699,-0.6119683400435547
300.0,453.64044051560006,0.9988173606922381,-0.010278353499972814,-0.6198582916232512
300.0,459.43350636286016,0.9989408625317934,-0.009204426397713057,-0.6278519287627755
300.0,465.30055064968025,0.9990675701334875,-0.008102761131339774,-0.6359506904643484
300.0,471.2425180933594,0.9991975675405399,-0.006972637694567675,-0.6441560386480674
300.0,477.26036547539763,0.9993309410429504,-0.00581331720519356,-0.6524694586262775
300.0,483.3550617955581,0.9994677792398363,-0.004624041400462556,-0.6608924595914157
300.0,489.5275884278962,0.999608173103614,-0.0034040321184638004,-0.669426575117756
300.0,495.7789392787816,0.9997522160460918,-0.002152490765080939,-0.678073363677696
300.0,502.11012094693814,0.9999000039865306,-0.0008685977661227812,-0.6868344091729351
300.0,508.5221528855265,1.0000516354217432,0.00044848799584301495,-0.6957113214812876
300.0,515.016067566299,1.000207211498298,0.0017996297604039831,-0.7047057370194981
300.0,521.5929106458477,1.0003668360868951,0.0031857134844147494,-0.7138193193228157
300.0,528.2537411339786,1.0005306158589946,0.004607648453842623,-0.7230537596418646
300.0,534.999631564233,1.000698660365765,0.006066367912789593,-0.7324107775574732
300.0,541.831668166589,1.0008710821194382,0.0075628297102702646,-0.7418921216141047
300.0,548.7509510423668,1.0010479966771477,0.009098016965247598,-0.7514995699726634
300.0,555.7585943413677,1.0012295227273396,0.010672938750504301,-0.761234931083324
300.0,562.8557264412772,1.0014157821788419,0.012288630795917393,-0.7711000443792
300.0,570.0434901293552,1.0016069002526862,0.01394615621172917,-0.7810967809916204
300.0,577.3230427864506,1.0018030055767795,0.015646606232461713,-0.791227044487853
300.0,584.6955565733633,1.0020042302835215,0.017391100982065543,-0.8014927716321332
300.0,592.1622186195867,1.0022107101104756,0.01918079026100344,-0.8118959331708829
300.0,599.7242312144601,1.0024225845042019,0.021016854355952783,-0.8224385346431335
300.0,607.3828120007631,1.0026399967273614,0.022900504872806985,-0.8331226172170201
300.0,615.1391941707813,1.002863093969213,0.024832985593741214,-0.8439502585534958
300.0,622.9946266648766,1.0030920274596236,0.026815573359095412,-0.8549235736982278
300.0,630.9503743725916,1.0033269525867186,0.028849578974844917,-0.8660447160028778
300.0,639.0077183363252,1.003568029018308,0.03093634814651483,-0.8773158780768926
300.0,647.1679559576058,1.0038154208272227,0.03307726244033265,-0.888739292771044
300.0,655.4324012060011,1.0040692966207134,0.035273740272576036,-0.9003172341940024
300.0,663.8023848306943,1.0043298296740502,0.037527237927914424,-0.9120520187632264
300.0,672.2792545747626,1.0045971980684931,0.03983925060779729,-0.923946006291679
300.0,680.8643753921923,1.0048715848337928,0.04221131350982319,-0.9360016011116687
300.0,689.559129667666,1.0051531780953888,0.044645002939084785,-0.9482212532375075
300.0,698.3649174391526,1.0054421712264912,0.047141937452582605,-0.9606074595684838
300.0,707.2831566233468,1.0057387630052288,0.04970377903779234,-0.9731627651338263
300.0,716.3152832439806,1.006043157777061,0.05233223432651139,-0.9858897643814463
300.0,725.4627516630544,1.0063555656226562,0.05502905584518117,-0.99879110251229
300.0,734.7270348150191,1.0066762025314504,0.05779604330289346,-1.0118694768621808
300.0,744.1096244439506,1.0070052905811115,0.06063504491837944,-1.0251276383331962
300.0,753.6120313437505,1.007343058123141,0.06354795878729654,-1.0385683928766436
300.0,763.2357856014171,1.0076897399748566,0.06653673429117364,-1.0521946030299125
300.0,772.9824368434207,1.008045577618014,0.06960337354947745,-1.0660091895094548
300.0,782.8535544852251,1.008410819404336,0.07274993291627724,-1.0800151328623004
300.0,792.8507279839987,1.0087857207682225,0.07597852452301533,-1.0942154751787192
300.0,802.9755670945485,1.0091705444469494,0.07929131786910765,-1.108613321868663
300.0,813.2297021285253,1.0095655607086476,0.082690541461908,-1.123211843504724
300.0,823.614784216938,1.0099710475883974,0.08617848450790068,-1.1380142777346627
300.0,834.1324855760204,1.0103872911327716,0.08975749865687949,-1.1530239312664563
300.0,844.7844997764925,1.0108145856531814,0.09342999980102283,-1.1682441819292206
300.0,855.5725420162622,1.0112532339884026,0.09719846993086588,-1.1836784808133007
300.0,866.4983493966064,1.011703547776666,0.10106545905017604,-1.1993303544931706
300.0,877.5636812018822,1.0121658477377269,0.10503358715191544,-1.2152034073368398
300.0,888.7703191828091,1.0126404639653457,0.1091055462575401,-1.231301323905726
300.0,900.1200678433659,1.013127736230629,0.11328410252193163,-1.2476278714491627
300.0,911.6147547313562,1.0136280142967085,0.11757209840642045,-1.2641869024978314
300.0,923.2562307326806,1.0141416582452565,0.12197245492243046,-1.280982357560781
300.0,935.0463703693686,1.0146690388153703,0.12648817394844106,-1.2980182679307801
300.0,946.9870721014156,1.0152105377553684,0.1311223406229668,-1.3152987586031353
300.0,959.080258632476,1.01576654818809,0.13587812581651584,-1.3328280513132882
300.0,971.327877219457,1.0163374749903067,0.14075878868552677,-1.3506104676988295
300.0,983.7318999860696,1.0169237351868903,0.14576767931142734,-1.3686504325918751
300.0,996.2943242403816,1.017525758360423,0.1509082414281838,-1.386952477447967
300.0,1009.0171727964232,1.018143987076958,0.1561840152417247,-1.4055212439182825
300.0,1021.9024942999077,1.0187788773286934,0.1615986403449189,-1.4243614875718453
300.0,1034.9523635581031,1.0194308989943528,0.16715585873187996,-1.4434780817753199
300.0,1048.1688818739194,1.02010053631811,0.17285951791553453,-1.462876021737897
300.0,1061.554177384265,1.0207882884079524,0.17871357415267253,-1.4825604287296097
300.0,1075.1104054027182,1.021494669754411,0.18472209578075885,-1.5025365544816407
300.0,1088.8397487665804,1.0222202107706535,0.19088926667115705,-1.522809785777726
300.0,1102.744418188358,1.0229654583549759,0.19721938980342918,-1.5433856492462792
300.0,1116.8266526117325,1.023730976476809,0.20371689096587461,-1.5642698163634388
300.0,1131.0887195720798,1.0245173467873963,0.21038632258744364,-1.5854681086778155
300.0,1145.5329155615877,1.0253251692563845,0.21723236770662538,-1.606986503268303
300.0,1160.1615663990428,1.026155062835634,0.22425984408309496,-1.628831138447044
300.0,1174.977027604334,1.0270076661516265,0.23147370845817716,-1.6510083197202647
300.0,1189.9816847777408,1.027883638227947,0.23887906097060316,-1.6735245260205731
300.0,1205.1779539840659,1.0287836592393793,0.24648114973419943,-1.696386416225025
300.0,1220.5682821416715,1.0297084312992713,0.254285375584652,-1.71960083597413
300.0,1236.1551474164862,1.0306586792819081,0.26229729700273724,-1.7431748248079528
300.0,1251.9410596210373,1.0316351516817537,0.27052263522191866,-1.7671156236363879
300.0,1267.9285606185895,1.0326386215115124,0.27896727952845196,-1.7914306825618007
300.0,1284.1202247324345,1.033669887241112,0.2876372927627849,-1.8161276690732244
300.0,1300.5186591604106,1.034729773779814,0.2965389170313225,-1.8412144766327152
300.0,1317.1265043947192,1.0358191335038112,0.3056785796382295,-1.866699233675569
300.0,1333.9464346470963,1.0369388473318182,0.3150628992474295,-1.8925903130475326
300.0,1350.9811582794193,1.0380898258513198,0.3246986922855356,-1.918896341903739
300.0,1368.233418239808,1.0392730104983092,0.33459297959698886,-1.9456262120954984
300.0,1385.7059925042984,1.0404893747935409,0.34475299336338905,-1.9727890910729515
300.0,1403.4016945241544,1.041739925638514,0.35518618429962523,-2.000394433333229
300.0,1421.3233736788927,1.0430257046746143,0.36590022914012305,-2.028451992446037
300.0,1439.473915735093,1.0443477897090703,0.3769030384293034,-2.056971833690293
300.0,1457.8562433110665,1.045707296211632,0.38820276463120207,-2.085964347338097
300.0,1476.473316347459,1.0471053788861275,0.39980781057394266,-2.1154402626244693
300.0,1495.3281325838636,1.048543233321354,0.4117268382458342,-2.145410662444161
300.0,1514.4237280415196,1.0500220977260535,0.42396877796072874,-2.1758869988194305
300.0,1533.763177512177,1.051543254753059,0.43654283791140885,-2.206881109186053
300.0,1553.3495950531972,1.0531080334180447,0.4494585141308228,-2.238405233547739
300.0,1573.1861344889896,1.0547178111187088,0.46272560088229947,-2.2704720325531382
300.0,1593.2759899188381,1.056374015760616,0.47635420150103686,-2.30309460655304
300.0,1613.6223962312197,1.0580781279963871,0.49035473971063503,-2.3362865156998502
300.0,1634.22862962469,1.0598316835853956,0.5047379714398712,-2.3700618011557655
300.0,1655.098008135418,1.0616362758816655,0.5195149971665415,-2.404435007480958
300.0,1676.2338921714615,1.0634935584582137,0.534697274816799,-2.439421206278437
300.0,1697.6396850538629,1.0654052478767144,0.550296633250398,-2.4750360211778744
300.0,1719.318833564655,1.0673731266120077,0.5663252863640296,-2.5112956542469056
300.0,1741.2748285018654,1.0693990461417073,0.5827958478471661,-2.548216913925241
300.0,1763.5112052416082,1.071484930211945,0.59972134662705,-2.5858172445841188
300.0,1786.0315443073541,1.0736327782911315,0.6171152430418668,-2.624114757821615
300.0,1808.839471946469,1.0758446692245465,0.6349914457837692,-2.6631282656131106
300.0,1831.9386607141175,1.078122765103576,0.653364329656292,-2.7028773154453676
300.0,1855.3328300646197,1.0804693153645055,0.6722487541936251,-2.7433822275732522
300.0,1879.0257469503638,1.0828866611329784,0.6916600831925924,-2.784664134549068
300.0,1903.0212264283582,1.085377239831523,0.7116142052115948,-2.8267450231869096
300.0,1927.3231322745457,1.0879435900689922,0.7321275550947836,-2.869647779137608
300.0,1951.9353776059447,1.0905883568322827,0.753217136583564,-2.9133962342646074
300.0,1976.861925510747,1.0933142970024334,0.7749005460823002,-2.958015217026998
300.0,2002.106789686456,1.0961242852190392,0.7971959976496759,-3.003530606093485
300.0,2027.6740350861774,1.0990213201189603,0.8201223492925013,-3.04996938743023
300.0,2053.5677785731623,1.102008530977546,0.8436991306444148,-3.0973597151266414
300.0,2079.7921895837076,1.1050891847830335,0.8679465721180258,-3.145730976246211
300.0,2106.3514907985236,1.1082666937774803,0.8928856356257403,-3.1951138600151694
300.0,2133.2499588226738,1.1115446235005508,0.9185380469717613,-3.245540431689392
300.0,2160.491924874198,1.114926701375737,0.9449263300256479,-3.297044211471266
300.0,2188.0817754815303,1.1184168258821676,0.9720738427962643,-3.3496602588818885
300.0,2216.023953189821,1.1220190763591529,1.0000048155345196,-3.403425263031851
300.0,2244.3229572762807,1.1257377234949422,1.028744391003206,-3.458377639275211
300.0,2272.9833444746564,1.129577240556041,1.0583186670635731,-3.514557632777303
300.0,2302.0097297089646,1.1335423154187498,1.0887547417402275,-3.5720074295780035
300.0,2331.40678683659,1.1376378634705286,1.120080760939314,-3.6307712757884496
300.0,2361.1792494008682,1.1418690414553425,1.1523259690093626,-3.690895605621987
300.0,2391.3319113932967,1.1462412623444425,1.1855207623500919,-3.752429179029935
300.0,2421.869628025461,1.1507602113221311,1.2196967462918396,-3.815423229790134
300.0,2452.7973165108274,1.155431862985081,1.254886795487381,-3.8799316249830267
300.0,2484.1199568565166,1.1602624998638191,1.2911251180788645,-3.9460110368863717
300.0,2515.84259266519,1.1652587323862031,1.328447323925663,-4.013721128427617
300.0,2547.970331947177,1.1704275204152284,1.3668904972042513,-4.083124753453725
300.0,2580.5083479429695,1.1757761965075082,1.4064932737191647,-4.154288173213411
300.0,2613.461879956225,1.1813124910544748,1.4472959232950107,-4.2272812905986425
300.0,2646.8362341974,1.1870445594859131,1.4893404376533368,-4.302177903862722
300.0,2680.6367846381672,1.1929810117352333,1.5326706242159394,-4.379055981724346
300.0,2714.868973876733,1.1991309441880984,1.5773322063176864,-4.457997961983336
300.0,2749.538314014212,1.2055039743610774,1.623372930358039,-4.539091076018081
300.0,2784.6503875421918,1.2121102785852496,1.6708426804715915,-4.622427701810989
300.0,2820.210848241629,1.2189606330016112,1.7197936013546316,-4.708105748461107
300.0,2856.2254220932277,1.2260664582112901,1.7702802299479359,-4.796229075498084
300.0,2892.699908199447,1.23343986796452,1.822359636746031,-4.88690795071515
300.0,2929.640179718265,1.2410937223188712,1.8760915775815747,-4.980259550698233
300.0,2967.0521848088983,1.2490416857501578,1.9315386568207864,-5.07640850875235
300.0,3004.941947589568,1.2572982907597254,1.988766503003261,-5.175487515525301
300.0,3043.315569107515,1.2658790075906923,2.047843958068787,-5.277637978314755
300.0,3082.179228321392,1.2748003207444385,2.1088432814358815,-5.383010745831345
300.0,3121.539183096211,1.284079813078857,2.171840370333856,-5.491766906095601
300.0,3161.401771210987,1.293736258373458,2.2369149979441256,-5.604078666188606
300.0,3201.773411379254,1.3037897233655624,2.3041510710795587,-5.720130323780169
300.0,3242.660604282614,1.31426168039916,2.373636909325479,-5.840119341751391
300.0,3284.069933617482,1.3251751319866516,2.4454655477857044,-5.964257538844174
300.0,3326.0080671552014,1.336554748767325,2.5197350658249014,-6.092772411149234
300.0,3368.4817578156917,1.3484270225594517,2.596548944478885,-6.225908601434051
300.0,3411.4978447548137,1.3608204364505978,2.676016455521755,-6.363929535871115
300.0,3455.063254465615,1.3737656541593926,2.7582530855380636,-6.507119250725087
300.0,3499.185001893642,1.387295731239209,2.84338099875613,-6.655784435079298
300.0,3543.870191566494,1.4014463510890303,2.9315295428614903,-6.810256719831038
300.0,3589.126018737795,1.416256089200246,3.0228358025359543,-6.970895248086496
300.0,3634.9597705457923,1.4317667096135265,3.1174452060667273,-7.1380895678939735
300.0,3681.378827186729,1.4480234982033298,3.2155121910518014,-7.312262895156165
300.0,3728.3906631032146,1.4650756381687697,3.3172009360051806,-7.493875802792229
300.0,3776.002848187767,1.4829766340122277,3.4226861655508127,-7.683430402063813
300.0,3824.223049001722,1.5017847913606464,3.5321540379037493,-7.881475093793755
300.0,3873.0590300097133,1.5215637612645738,3.645803124487137,-8.088609981435168
300.0,3922.5186548299125,1.5423831591408155,3.763845492843376,-8.305493055147236
300.0,3972.609887500237,1.5643192703600928,3.8865079054867744,-8.532847276899748
300.0,4023.34079376073,1.5874558566881918,4.014033149034205,-8.771468722040426
300.0,4074.719542352307,1.611885080450272,4.1466815098603576,-9.022235963830552
300.0,4126.754406332104,1.6377085665053537,4.2847324146734795,-9.2861209256025
300.0,4179.453764405605,1.6650386260180243,4.4284862568096335,-9.564201472226726
300.0,4232.826102275795,1.6939996707537774,4.578266431702127,-9.857676070819272
300.0,4286.880014009535,1.7247298523971897,4.7344216078841,-10.167880923070067
300.0,4341.624203421383,1.757382968438118,4.897328262982485,-10.496310062108247
300.0,4397.067485475102,1.792130684785863,5.067393517369952,-10.844639020498036
300.0,4453.218787703034,1.8291651358164123,5.245058301288069,-11.21475281938421
300.0,4510.087151643643,1.868701975472622,5.430800894049829,-11.608779210665183
300.0,4567.681734297379,1.910983968845649,5.62514087588753,-12.029128335821849
300.0,4626.011809601152,1.9562852329803133,5.828643533349278,-12.478540261861543
300.0,4685.086769921628,2.0049162591523975,6.0419247566051,-12.960142236952793
300.0,4744.916127567598,2.057229877276021,6.265656459606439,-13.477518002696614
300.0,4805.509516321659,2.1136283570481416,6.500572538593348,-14.034792142678358
300.0,4866.876692991458,2.1745718802543075,6.7474753559788745,-14.636733286278375
300.0,4929.027538980739,2.2405886639244526,7.00724268728648,-15.288881087309008
300.0,4991.9720618804595,2.31228706271869,7.2808349861091015,-15.997703344985458
300.0,5055.720397080222,2.3903700258226412,7.5693026861946855,-16.770791543732866
300.0,5120.282809400282,2.4756523173596423,7.873793039152953,-17.617105606084596
300.0,5185.669694744402,2.569080906866048,8.195555630303055,-18.547281965576925
300.0,5251.891581773811,2.671758852988603,8.53594514236859,-19.574023395590068
300.0,5318.959133602537,2.7849727542650724,8.89641901547169,-20.712594608778545
300.0,5386.883149514401,2.910223266442201,9.27852616916371,-21.981454641869412
300.0,5455.674566701908,3.049256990925093,9.683880563642862,-23.403065386329686
300.0,5525.344462027387,3.2040956804971845,10.114109529589275,-25.004924558632137
300.0,5595.904053806589,3.377054198725605,10.57076061465417,-26.82087851752897
300.0,5667.364703615071,3.570730245251822,11.055140843543594,-28.892769496161396
300.0,5739.737918117651,3.7879334770429667,11.568046868045819,-31.272448846419064
300.0,5813.035350921214,4.031494399131684,12.109321215596466,-34.02411200166791
300.0,5887.2688044512,4.303847412398033,12.677137311120877,-37.22671893499356
300.0,5962.4502318520335,4.606211707482623,13.266877896526596,-40.97583613589031
300.0,6038.591738911835,4.937105854036226,13.86944877623582,-45.38337445201259
300.0,6115.705586011702,5.2898868159526025,14.468927596722276,-50.572168931212104
300.0,6193.804190099898,5.649199793119729,15.039738690743675,-56.66019902035999
300.0,6272.900126691225,5.9870929150096455,15.544319962188304,-63.727809339449
300.0,6353.006131891963,6.261532365986641,15.933612596007114,-71.76494209031658
300.0,6434.135104450643,6.422279549158337,16.153784112478103,-80.61115551781845
300.0,6516.30010783501,6.4273967839583035,16.160702222774738,-89.92763598511256
300.0,6599.514372335527,6.26386951899391,15.936854049416823,-99.24789961139403
300.0,6683.791297195727,5.956102426758948,15.499243153643466,-108.10436110373854
300.0,6769.144452769755,5.553741291992517,14.891712905919125,-116.15561751482468
300.0,6855.587582707511,5.109797460993031,14.16807372356957,-123.23854235847602
300.0,6943.13460616764,4.665266462236994,13.377529080725484,-129.34119903716103
300.0,7031.799620058826,4.2451365273882,12.557833242072242,-134.5429872563216
300.0,7121.5969013096765,3.8613272411014887,11.734732178465354,-138.96160719983882
300.0,7212.540909167617,3.517335097158187,10.924274912054557,-142.71997378127068
300.0,7304.646287527129,3.212048259388582,10.135641234179646,-145.93022587027608
300.0,7397.927867287726,2.942220011208305,9.37350289931332,-148.6881919207618
300.0,7492.40066874204,2.7038711062894767,8.639719698339864,-151.07307646312947
300.0,7588.079903994404,2.4930065896464213,7.934468529107127,-153.14928421582883
300.0,7684.980979410317,2.3059409172223413,7.25696351231297,-154.96883820567086
300.0,7783.119498097199,2.139415580592281,6.605903085795895,-156.57371855387765
300.0,7882.511262416809,1.9906142031210434,5.9797419690984,-157.99788130965325
300.0,7983.172276529767,1.857131519616139,5.376853219878904,-159.2689111828755
300.0,8085.118748972555,1.7369251752314345,4.795622198717071,-160.40933911648006
300.0,8188.367095267432,1.6282644340546821,4.234498734957287,-161.43767913241663
300.0,8292.933940565683,1.529682130163441,3.6920238652620925,-162.36923992904022
300.0,8398.836122324592,1.4399322693807115,3.166841290154925,-163.21675965647913
300.0,8506.09069301867,1.3579537880063306,2.657699817809612,-163.9909033669351
300.0,8614.714922885425,1.2828401175129835,2.163450658150926,-164.70065427373217
300.0,8724.726302706255,1.213813872959784,1.6830419366999645,-165.35362293049172
300.0,8836.142546622807,1.150205906596682,1.2155118695770104,-165.95629284221806
300.0,8948.981594989356,1.091438007285388,0.7599814640554512,-166.51421667353765
300.0,9063.261617261553,1.0370086106935057,0.3156472504645077,-167.03217389279115
300.0,9179.0010149221,0.9864809805969664,-0.11822567101153011,-167.51429816220025
300.0,9296.218424443776,0.9394734125224794,-0.5423101219804021,-167.9641808671783
300.0,9414.932720290297,0.8956510912330381,-0.9572228126303746,-168.38495572375672
300.0,9535.163017955501,0.8547193016382431,-1.363529770113335,-168.77936829787862
300.0,9656.928677041346,0.8164177491223548,-1.7617512436929328,-169.14983342749187
300.0,9780.249304375211,0.780515791386475,-2.1523661174347177,-169.49848289305058
300.0,9905.144757167005,0.7468084212771826,-2.535815868728326,-169.8272051856814
300.0,10031.6351462066,0.7151128702393924,-2.912508113531641,-170.1376788386503
300.0,10159.74083910209,0.6852657263270637,-3.2828197789230558,-170.43140048979
300.0,10289.482463559383,0.657120480265274,-3.647099941607758,-170.70970860992176
300.0,10420.88091070373,0.6305454288153776,-4.005672368238383,-170.9738036497737
300.0,10553.957338443613,0.6054218774095576,-4.358837790265506,-171.2247652139524
300.0,10688.733174877609,0.5816425943009196,-4.706875942825553,-171.46356675644347
300.0,10825.230121744786,0.5591104768072289,-5.050047394070424,-171.69108820126746
300.0,10963.470157919102,0.5377373969979775,-5.38859518843803,-171.90812681922068
300.0,11103.475542948509,0.5174431996938961,-5.722746324701347,-172.11540663319337
300.0,11245.268820639172,0.49815483016074097,-6.052713087226342,-172.3135865773708
300.0,11388.872822685507,0.47980557258006074,-6.378694246716985,-172.50326759735165
300.0,11534.310672346573,0.4623343834245095,-6.700876144811384,-172.68499884705062
300.0,11681.605788169389,0.4456853063781989,-7.019433675200792,-172.85928311276126
300.0,11830.781887759813,0.4298069575230646,-7.334531172451387,-173.02658157382658
300.0,11981.862991601585,0.4146520712400753,-7.646323218396312,-173.18731799211628
300.0,12134.873426924116,0.40017709871348933,-7.954955374813045,-173.3418824082382
300.0,12289.837831619689,0.3863418521290765,-8.260564850089674,-173.49063441056472
300.0,12446.78115821068,0.37310918866519094,-8.56328110669618,-173.63390603328287
300.0,12605.728677867442,0.3604447292227622,-8.863226415498408,-173.7720043314251
300.0,12766.705984477452,0.3483166075544025,-9.160516362268726,-173.90521367391668
300.0,12929.738998766537,0.3366952460564075,-9.45526031114794,-174.03379778985285
300.0,13094.853972472603,0.3255531549990746,-9.74756182928446,-174.15800159830437
300.0,13262.077492572726,0.3148647524054839,-10.037519076413995,-174.2780528477907
300.0,13431.43648556422,0.30460620215934764,-10.325225162733718,-174.39416358802995
300.0,13602.958221800363,0.2947552682389479,-10.610768478064925,-174.50653149356773
300.0,13776.670319881503,0.28529118324511893,-10.894232994980456,-174.61534105632353
300.0,13952.600751102222,0.27619452962379715,-11.175698548292289,-174.72076466189688
300.0,14130.777843955313,0.2674471321837495,-11.455241093046155,-174.82296356259317
300.0,14311.230288693256,0.259031960682625,-11.732932942950047,-174.9220887585086
300.0,14493.987141947946,0.250933041403585,-12.008842990968262,-175.01828179661823
300.0,14679.077831409433,0.2431353767739184,-12.283036913639137,-175.11167549660433
300.0,14866.532160564388,0.235624872189129,-12.555577360520607,-175.20239461111763
300.0,15056.380313495098,0.22838826930347494,-12.826524130030247,-175.29055642725714
300.0,15248.652859739721,0.22141308513288588,-13.09593433282414,-175.37627131526608
300.0,15443.380759214644,0.21468755639036347,-13.363862543749601,-175.4596432297535
300.0,15640.595367199687,0.2082005885388583,-13.630360943309146,-175.54077016815177
300.0,15840.328439386893,0.20194170910349546,-13.895479449485277,-175.61974459059397
300.0,16042.61213699396,0.1959010248349357,-14.159265840698101,-175.6966538049366
300.0,16247.47903194281,0.1900691823596061,-14.421765870596325,-175.77158032024607
300.0,16454.962112104367,0.18443733199120452,-14.683023375320026,-175.84460217171488
300.0,16665.094786610294,0.17899709441204883,-14.943080373816173,-175.91579321965676
300.0,16877.910891232572,0.1737405299630241,-15.201977161736808,-175.98522342495647
300.0,17093.44469383176,0.16866011030761327,-15.459752399403726,-176.0529591031016
300.0,17311.73089987485,0.1637486922591966,-15.716443194281759,-176.11906315871093
300.0,17532.80465802356,0.15899949358185989,-15.972085178365063,-176.18359530227747
300.0,17756.701565794036,0.15440607059367006,-16.226712580846904,-176.2466122506773
300.0,17983.45767528876,0.14996229741806,-16.480358296412348,-176.30816791283993
300.0,18213.10949900173,0.14566234674383505,-16.733053949465525,-176.36831356184297
300.0,18445.694015697714,0.14150067196760654,-16.984829954577478,-176.42709799457117
300.0,18681.248676366627,0.13747199060433696,-17.235715573417842,-176.4845676799731
300.0,18919.811410253908,0.13357126886233295,-17.485738968412168,-176.54076689685115
300.0,19161.420630967954,0.12979370728855874,-17.734927253348218,-176.59573786203416
300.0,19406.115242665444,0.12613472739872394,-17.983306541136276,-176.64952084970488
300.0,19653.93464631584,0.12258995921429214,-18.23090198891371,-176.70215430258344
300.0,19904.918746045674,0.11915522963550697,-18.477737840668315,-176.75367493560574
300.0,20159.107955564,0.11582655158576856,-18.7238374675427,-176.8041178326801
300.0,20416.543204669815,0.11260011386834073,-18.969223405969288,-176.8535165370522
300.0,20677.265945842657,0.10947227168145819,-19.213917393774548,-176.90190313576483
300.0,20941.318160917286,0.10643953774251015,-19.457940404380842,-176.94930833865547
300.0,21208.74236784366,0.10349857397614372,-19.70131267922501,-176.99576155229806
300.0,21479.581627533225,0.10064618372490879,-19.944053758504115,-177.0412909492611
300.0,21753.879550792604,0.09787930444449261,-20.18618251035103,-177.08592353302265
300.0,22031.680305345857,0.09519500084870333,-20.42771715853508,-177.12968519885607
300.0,22313.02862294644,0.0925904584721888,-20.668675308776603,-177.17260079097312
300.0,22597.969806579924,0.09006297762145354,-20.909073973757692,-177.21469415618972
300.0,22886.54973775872,0.08760996768707437,-21.148929596906232,-177.25598819435686
300.0,23178.814883910014,0.08522894179215586,-21.38825807502471,-177.29650490578115
300.0,23474.812305857944,0.08291751175401457,-21.627074779830565,-177.33626543584148
300.0,23774.58966540144,0.08067338333785828,-21.865394578470536,-177.37529011699218
300.0,24078.19523298867,0.0784943517828575,-22.103231853067008,-177.41359850832856
300.0,24385.67789548972,0.07637829758248905,-22.340600519351067,-177.45120943287742
300.0,24697.087164068344,0.07432318250240055,-22.57751404443274,-177.48814101276272
300.0,25012.47318215429,0.07232704582028814,-22.81398546375618,-177.52441070238575
300.0,25331.886733517473,0.07038800077342641,-23.050027397284474,-177.56003531974773
300.0,25655.379250445214,0.06850423120054253,-23.285652064955432,-177.59503107603558
300.0,25983.00282202392,0.06667398836568854,-23.52087130144781,-177.62941360357982
300.0,26314.810202526525,0.0648955879526566,-23.75569657029444,-177.66319798228892
300.0,26650.85481990702,0.06316740721929688,-23.990138977376674,-177.6963987646541
300.0,26991.190784403516,0.0614878823018492,-24.224209283832607,-177.72902999941445
300.0,27335.87289725106,0.0598555056600946,-24.45791791840913,-177.76110525396368
300.0,27684.95665950585,0.05826882365476807,-24.691274989286715,-177.79263763557606
300.0,28038.498280982043,0.056726434249266794,-24.924290295403402,-177.8236398115222
300.0,28396.554689302702,0.05522698482822974,-25.156973337303437,-177.85412402814214
300.0,28759.183539066362,0.053769170126068286,-25.389333327534235,-177.88410212893672
300.0,29126.44322113062,0.052351730258992285,-25.621379200614083,-177.91358557173598
300.0,29498.392872014316,0.050973448854506144,-25.853119622591663,-177.94258544499795
300.0,29875.092383419647,0.04963315127274774,-26.084563000217173,-177.9711124832888
300.0,30256.60241187615,0.048329702914410834,-26.31571748974405,-177.99917708199126
300.0,30642.98438850757,0.047062007610335826,-26.546591005378698,-178.02678931128497
300.0,31034.300528923588,0.04582900608816859,-26.77719122739514,-178.05395892944094
300.0,31430.613843237836,0.044629674511782624,-27.00752560993026,-178.08069539546779
300.0,31831.988146213847,0.0434630230894331,-27.23760138847464,-178.10700788114642
300.0,32238.488067540584,0.042328094746865184,-27.467425587073066,-178.1329052824869
300.0,32650.179062239167,0.04122396386183532,-27.69700502524799,-178.15839623063928
300.0,33067.1274212025,0.04014973505672385,-27.92634632465868,-178.1834891022881
300.0,33489.400281869515,0.03910454204612199,-28.15545591550791,-178.20819202955857
300.0,33917.065639035674,0.03808754653646644,-28.384340042707628,-178.23251290946084
300.0,34350.19235580161,0.0370979371749727,-28.613004771814165,-178.2564594128966
300.0,34788.85017466149,0.03613492854528344,-28.841455994743384,-178.28003899325165
300.0,35233.109728733034,0.03519776020740272,-29.069699435275183,-178.30325889459624
300.0,35683.04255313093,0.03428569577963104,-29.297740654356687,-178.3261261595129
300.0,36138.721096485526,0.03339802206035044,-29.52558505521271,-178.34864763657228
300.0,36600.21873260844,0.03253404818763538,-29.753237888271734,-178.3708299874741
300.0,37067.609772307485,0.03169310483478098,-29.980704255915413,-178.392679693871
300.0,37540.96947535216,0.030874543439952343,-30.207989117058773,-178.41420306389116
300.0,38020.37406259203,0.0300777354682596,-30.435097291568376,-178.4354062383747
300.0,38505.90072822995,0.029302071704660433,-30.662033464525173,-178.45629519683877
300.0,38997.62765225189,0.028546961576181862,-30.88880219033836,-178.47687576318444
300.0,39495.63401301561,0.027811832502037406,-31.11540789671645,-178.4971536111579
300.0,40000.0,0.02709612927029509,-31.341854888501246,-178.517134269579
600.0,20.0,0.9940542666977664,-0.051798125251256426,-0.040080271302107215
600.0,20.25540341335864,0.9940547417421101,-0.05179397438958382,-0.0405921226905357
600.0,20.514068371895043,0.9940552289971826,-0.05178971683457156,-0.04111051126456561
600.0,20.776036526097773,0.9940557287768659,-0.05178534984372977,-0.04163552053450744
600.0,21.04135005833923,0.9940562414031109,-0.051780870604072736,-0.04216723507825442
600.0,21.310051689667922,0.9940567672061447,-0.05177627623030928,-0.04270574055495235
600.0,21.582184686687434,0.9940573065246842,-0.05177156376297584,-0.04325112371886241
600.0,21.857792868523266,0.9940578597061539,-0.05176673016653473,-0.04380347243338082
600.0,22.136920613878615,0.9940584271069096,-0.05176177232742102,-0.04436287568526881
600.0,22.419612868180305,0.9940590090924685,-0.05175668705203121,-0.04492942359903563
600.0,22.705915150815933,0.9940596060377441,-0.05175147106467026,-0.04550320745152691
600.0,22.995873562463437,0.9940602183272893,-0.05174612100543262,-0.04608431968669573
600.0,23.28953479251428,0.994060846355542,-0.05174063342805138,-0.0466728539305655
600.0,23.58694612659143,0.9940614905270815,-0.05173500479766401,-0.0472689050063806
600.0,23.88815545416332,0.9940621512568875,-0.05172923148854511,-0.047872568949963445
600.0,24.19321127625508,0.9940628289706086,-0.05172330978176451,-0.048483943025256965
600.0,24.502162713258198,0.9940635241048364,-0.051717235862793136,-0.04910312574008329
600.0,24.815059512839944,0.994064237107387,-0.05171100581904382,-0.049730216862089505
600.0,25.1319520579538,0.9940649684375891,-0.05170461563735302,-0.050365317434914736
600.0,25.452891374952156,0.9940657185665805,-0.05169806120139277,-0.05100852979455923
600.0,25.77792914180263,0.9940664879776121,-0.05169133828901864,-0.05165995758596145
600.0,26.107117696409308,0.9940672771663583,-0.05168444256955183,-0.0523197057797999
600.0,26.440510045040245,0.9940680866412379,-0.05167736960098367,-0.05298788068950466
600.0,26.77815987086258,0.9940689169237407,-0.051670114827118106,-0.05366458998849474
600.0,27.120121542586663,0.9940697685487638,-0.05166267357463576,-0.05434994272763456
600.0,27.466450123220557,0.9940706420649573,-0.05165504105007844,-0.05504404935291538
600.0,27.81720137893633,0.994071538035077,-0.05164721233676387,-0.055747021723379066
600.0,28.17243178804958,0.9940724570363473,-0.051639182391618146,-0.05645897312925695
600.0,28.532198550113645,0.9940733996608337,-0.051630946041923774,-0.05718001831035127
600.0,28.896559595129922,0.9940743665158248,-0.05162249798198446,-0.05791027347466577
600.0,29.2655735928758,0.9940753582242222,-0.051613832769716206,-0.05864985631725995
600.0,29.639299962351746,0.9940763754249441,-0.05160494482312698,-0.05939888603936231
600.0,30.017798881349012,0.9940774187733361,-0.051595828416726684,-0.06015748336772781
600.0,30.401131296139496,0.9940784889415936,-0.05158647767784111,-0.06092577057424819
600.0,30.78935893128941,0.9940795866191959,-0.051576886582817484,-0.06170387149581235
600.0,31.18254429959819,0.9940807125133501,-0.05156704895315434,-0.06249191155443447
600.0,31.580750712164413,0.9940818673494476,-0.05155695845150746,-0.06329001777764134
600.0,31.98404228858017,0.9940830518715312,-0.05154660857761833,-0.06409831881911905
600.0,32.39248396725569,0.9940842668427756,-0.05153599266411562,-0.06491694497963835
600.0,32.8061415158758,0.9940855130459788,-0.05152510387222372,-0.06574602822825024
600.0,33.225081541989866,0.994086791284068,-0.051513935187347294,-0.06658570222375387
600.0,33.64937150373704,0.9940881023806153,-0.0515024794145667,-0.0674361023364535
600.0,34.07907972070841,0.9940894471803715,-0.05149072917398038,-0.06829736567019025
600.0,34.514275384947915,0.9940908265498086,-0.05147867689596595,-0.06916963108467303
600.0,34.95502857209371,0.9940922413776799,-0.05146631481629104,-0.07005303921809211
600.0,35.40141025266179,0.9940936925755925,-0.051453634971114874,-0.07094773251003583
600.0,35.85349230347375,0.9940951810785961,-0.05144062919184929,-0.07185385522470424
600.0,36.3113475192305,0.994096707845785,-0.051427289099899756,-0.07277155347442801
600.0,36.77504962423367,0.9940982738609176,-0.051413606101261125,-0.07370097524349573
600.0,37.244673284256805,0.9940998801330506,-0.05139957138098171,-0.07464227041229783
600.0,37.72029411856813,0.99410152769719,-0.05138517589747628,-0.07559559078178536
600.0,38.20198871210684,0.9941032176149583,-0.05137041037670359,-0.07656109009824416
600.0,38.689834627814854,0.9941049509752804,-0.0513552653061841,-0.07753892407840919
600.0,39.183910419126114,0.9941067288950849,-0.051339730928870564,-0.07852925043490684
600.0,39.68429564261532,0.9941085525200257,-0.051323797236855054,-0.07953222890200533
600.0,40.19107087080819,0.9941104230252207,-0.05130745396492106,-0.08054802126175695
600.0,40.70431770515536,0.9941123416160094,-0.05129069058392825,-0.08157679137044156
600.0,41.22411878917192,0.9941143095287317,-0.05127349629401799,-0.08261870518536896
600.0,41.75055782174475,0.9941163280315256,-0.051255860017651644,-0.08367393079205991
600.0,42.2837195706098,0.9941183984251447,-0.0512377703924745,-0.08474263843175649
600.0,42.82368988600147,0.9941205220437981,-0.05121921576398732,-0.0858250005293051
600.0,43.370555714476296,0.9941227002560115,-0.05120018417803095,-0.0869211917214348
600.0,43.92440511291322,0.9941249344655102,-0.05118066337308141,-0.08803138888536478
600.0,44.4853272626925,0.9941272261121258,-0.05116064077233984,-0.08915577116783618
600.0,45.0534124840559,0.9941295766727243,-0.05114010347563095,-0.09029452001450979
600.0,45.62875225065003,0.9941319876621608,-0.051119038251074986,-0.0914478191997531
600.0,46.211439204255626,0.9941344606342561,-0.051097431526567406,-0.0926158548568251
600.0,46.80156716970473,0.9941369971828007,-0.051075269381018445,-0.09379881550848225
600.0,47.39923116998855,0.9941395989425839,-0.05105253753537339,-0.09499689209796784
600.0,48.00452744155806,0.9941422675904479,-0.05102922134341898,-0.0962102780204319
600.0,48.617553449820186,0.9941450048463725,-0.05100530578232101,-0.09743916915476522
600.0,49.238407904831696,0.994147812474584,-0.05098077544294929,-0.0986837638958652
600.0,49.867190777193656,0.9941506922846954,-0.05095561451993183,-0.09994426318733403
600.0,50.50400331414874,0.9941536461328749,-0.05092980680146638,-0.10122087055461057
600.0,51.14894805588423,0.9941566759230452,-0.050903335658854625,-0.10251379213855286
600.0,51.80212885204306,0.9941597836081114,-0.050876184035796565,-0.10382323672948365
600.0,52.46365087844586,0.9941629711912249,-0.05084833443736604,-0.10514941580167074
600.0,53.13362065402642,0.9941662407270756,-0.05081976891874177,-0.10649254354828598
600.0,53.81214605798349,0.9941695943232205,-0.050790469073623314,-0.1078528369168547
600.0,54.499336347151626,0.9941730341414444,-0.05076041602236309,-0.10923051564515676
600.0,55.19530217359378,0.9941765623991577,-0.05072959039978047,-0.11062580229763176
600.0,55.90015560241866,0.9941801813708282,-0.05069797234267746,-0.11203892230227386
600.0,56.61401012982551,0.9941838933894517,-0.05066554147701527,-0.11347010398802784
600.0,57.33698070137941,0.9941877008480595,-0.05063227690477426,-0.11491957862269685
600.0,58.06918373051995,0.9941916062012658,-0.050598157190465134,-0.1163875804513764
600.0,58.81073711730618,0.9941956119668529,-0.05056316034730718,-0.11787434673539582
600.0,59.561760267401084,0.9941997207274004,-0.050527263823031826,-0.11938011779180341
600.0,60.322374111298245,0.9942039351319544,-0.05049044448533002,-0.12090513703339394
600.0,61.09270112379437,0.9942082578977398,-0.05045267860693199,-0.12244965100928541
600.0,61.87286534371018,0.994212691811919,-0.05041394185028053,-0.124013909446065
600.0,62.66299239386335,0.9942172397333919,-0.0503742092518417,-0.1255981652894641
600.0,63.463209501296305,0.9942219045946478,-0.05033345520597543,-0.12720267474667088
600.0,64.27364551776259,0.9942266894036597,-0.05029165344842229,-0.12882769732916413
600.0,65.09443094047457,0.9942315972458325,-0.05024877703933589,-0.1304734958961921
600.0,65.92569793311637,0.9942366312859983,-0.0502047983459017,-0.13214033669883285
600.0,66.76758034712479,0.9942417947704633,-0.05015968902449972,-0.13382848942465853
600.0,67.62021374324243,0.9942470910291108,-0.05011342000239377,-0.13553822724304868
600.0,68.48373541334568,0.9942525234775544,-0.05006596145897556,-0.1372698268511226
600.0,69.35828440255162,0.9942580956193502,-0.05001728280649982,-0.13902356852030998
600.0,70.24400153160717,0.9942638110482649,-0.04996735267033088,-0.14079973614358188
600.0,71.14102941956426,0.9942696734506017,-0.0499161388686942,-0.14259861728336035
600.0,72.04951250674448,0.9942756866075888,-0.04986360839187864,-0.14442050322006986
600.0,72.96959707799692,0.994281854397827,-0.04980972738092945,-0.14626568900141884
600.0,73.90143128625317,0.9942881807998035,-0.04975446110576534,-0.14813447349234088
600.0,74.84516517638308,0.9942946698944677,-0.04969777394275937,-0.1500271594256649
600.0,75.80095070935505,0.994301325867877,-0.049639629351710554,-0.15194405345351045
600.0,76.768941786705,0.9943081530139081,-0.04957998985225253,-0.15388546619941076
600.0,77.74929427531778,0.994315155737041,-0.04951881699962522,-0.1558517123111624
600.0,78.74216603252486,0.9943223385552137,-0.04945607135984158,-0.15784311051449237
600.0,79.74771693152283,0.9943297061027513,-0.049391712484203126,-0.159859983667414
600.0,80.7661088871163,0.9943372631333719,-0.04932569888315498,-0.161902658815437
600.0,81.79750588178959,0.9943450145232684,-0.04925798799948146,-0.1639714672475518
600.0,82.84207399211121,0.9943529652742729,-0.04918853618078764,-0.1660667445530145
600.0,83.89998141547592,0.9943611205171008,-0.04911729865128901,-0.16818883067898285
600.0,84.97139849718786,0.994369485514681,-0.04904422948286159,-0.17033806998897197
600.0,86.05649775788984,0.9943780656655713,-0.04896928156534673,-0.17251481132218044
600.0,87.1554539213426,0.9943868665074636,-0.0488924065760888,-0.17471940805366792
600.0,88.26844394255923,0.994395893720778,-0.048813554948694535,-0.17695221815545464
600.0,89.3956470362985,0.994405153132354,-0.04873267584096206,-0.1792136042584931
600.0,90.53724470592226,0.9944146507192336,-0.04864971710201022,-0.18150393371556078
600.0,91.69342077262121,0.9944243926125457,-0.0485646252385348,-0.1838235786651145
600.0,92.86436140501408,0.9944343851014898,-0.04847734538020399,-0.1861729160960673
600.0,94.05025514912464,0.9944446346374248,-0.04838782124415564,-0.18855232791355675
600.0,95.25129295874152,0.9944551478380623,-0.048295995098579486,-0.19096220100567143
600.0,96.46766822616584,0.9944659314917708,-0.04820180772535394,-0.19340292731125455
600.0,97.69957681335141,0.9944769925619911,-0.048105198381715605,-0.19587490388862377
600.0,98.94721708344264,0.9944883381917674,-0.04800610476093807,-0.19837853298545607
600.0,100.21078993271514,0.9944999757083951,-0.04790446295200031,-0.20091422210963378
600.0,101.4904988229242,0.9945119126281915,-0.047800207398195765,-0.20348238410125952
600.0,102.78654981406649,0.9945241566613897,-0.04769327085468317,-0.20608343720571204
600.0,104.09915159756,0.9945367157171596,-0.04758358434494175,-0.20871780514787316
600.0,105.42851552984779,0.9945495979087629,-0.04747107711607282,-0.21138591720748867
600.0,106.77485566643068,0.9945628115588384,-0.04735567659297745,-0.21408820829569383
600.0,108.1383887963348,0.9945763652048287,-0.047237308331327055,-0.2168251190327584
600.0,109.51933447701919,0.9945902676045474,-0.04711589596931499,-0.21959709582702366
600.0,110.91791506972905,0.9946045277418908,-0.04699136117817203,-0.2224045909550965
600.0,112.33435577530071,0.9946191548327019,-0.04686362361137487,-0.22524806264332126
600.0,113.76888467042347,0.9946341583307842,-0.04673260085256632,-0.22812797515053626
600.0,115.22173274436506,0.9946495479340751,-0.04659820836210306,-0.23104479885213522
600.0,116.69313393616545,0.9946653335909809,-0.04646035942222543,-0.23399901032552609
600.0,118.18332517230616,0.9946815255068762,-0.046318965080805935,-0.2369910924369039
600.0,119.69254640486021,0.9946981341507762,-0.046173934093626606,-0.24002153442948748
600.0,121.22104065012964,0.9947151702621806,-0.04602517286518262,-0.24309083201314102
600.0,122.76905402777612,0.9947326448580998,-0.04587258538791987,-0.24619948745549983
600.0,124.33683580045141,0.9947505692402648,-0.04571607317990795,-0.24934800967457293
600.0,125.9246384139338,0.9947689550025253,-0.04555553522090387,-0.25253691433288733
600.0,127.53271753777737,0.9947878140384436,-0.04539086788673068,-0.2557667239331647
600.0,129.16133210647996,0.9948071585490876,-0.045221964881971916,-0.2590379679156369
600.0,130.81074436117717,0.994827001051028,-0.045048717170908276,-0.2623511827569668
600.0,132.48121989186862,0.9948473543845475,-0.044871012906649195,-0.265706912070836
600.0,134.17302768018362,0.9948682317220651,-0.04468873735843829,-0.26910570671024536
600.0,135.88644014269272,0.9948896465767824,-0.04450177283705058,-0.27254812487155516
600.0,137.62173317477263,0.9949116128115582,-0.044309998618259724,-0.2760347322003106
600.0,139.37918619503108,0.994934144648017,-0.044113290864305335,-0.27956610189888315
600.0,141.15908219029916,0.9949572566758987,-0.04391152254331236,-0.28314281483599385
600.0,142.9617077611979,0.9949809638626538,-0.04370456334662203,-0.2867654596580988
600.0,144.78735316828744,0.9950052815632937,-0.043492279603951994,-0.29043463290280525
600.0,146.6363123788046,0.9950302255305007,-0.04327453419636065,-0.29415093911419754
600.0,148.5088831139981,0.9950558119250061,-0.043051186466926065,-0.2979149909602877
600.0,150.40536689706786,0.9950820573262428,-0.04282209212910802,-0.30172740935249853
600.0,152.3260691017163,0.9951089787432813,-0.04258710317269804,-0.30558882356731276
600.0,154.27129900132044,0.9951365936260544,-0.042346067767338035,-0.30949987137015134
600.0,156.24136981873087,0.9951649198768809,-0.04209883016350116,-0.31346119914143467
600.0,158.2365987767076,0.9951939758622956,-0.04184523059088592,-0.31747346200499854
600.0,160.25730714899925,0.9952237804251934,-0.0415851051541602,-0.3215373239588858
600.0,162.30382031207517,0.9952543528972971,-0.04131828572597271,-0.3256534580084688
600.0,164.37646779751773,0.9952857131119573,-0.04104459983716436,-0.3298225463021634
600.0,166.47558334508386,0.9953178814172936,-0.040763870564107164,-0.3340452802696291
600.0,168.6015049564441,0.9953508786896861,-0.04047591641309204,-0.3383223607625644
600.0,170.75457494960807,0.9953847263476283,-0.04018055120168214,-0.3426544981982049
600.0,172.93514001404478,0.9954194463659499,-0.03987758393695854,-0.34704241270556263
600.0,175.1435512665069,0.9954550612904193,-0.03956681869057847,-0.3514868342744746
600.0,177.3801643075679,0.9954915942527397,-0.03924805447053378,-0.35598850290752065
600.0,179.64533927888138,0.9955290689859452,-0.03892108508956546,-0.36054816877494544
600.0,181.93944092117124,0.9955675098402109,-0.038585699030107196,-0.3651665923725841
600.0,184.26283863296274,0.9956069417990899,-0.03824167930566909,-0.3698445446829334
600.0,186.61590653006328,0.995647390496183,-0.03788880331860486,-0.374582807339433
600.0,188.99902350580302,0.9956888822322609,-0.03752684271410792,-0.3793821727940216
600.0,191.4125732920446,0.9957314439928491,-0.03715556323035632,-0.38424344448809933
600.0,193.85694452097215,0.995775103466282,-0.0367747245447506,-0.38916743702694756
600.0,196.33253078766876,0.9958198890622515,-0.036384080116047636,-0.39415497635773605
600.0,198.83973071349433,0.9958658299308547,-0.03598337702235187,-0.39920689995121206
600.0,201.3789480102713,0.9959129559821568,-0.035572355794834955,-0.4043240569871301
600.0,203.95059154529108,0.9959612979062863,-0.035150750247051686,-0.4095073085435868
600.0,206.5550754071501,0.9960108871940766,-0.03471828729973986,-0.4147575277903606
600.0,209.19281897242698,0.9960617561582679,-0.0342746868009945,-0.42007560018632717
600.0,211.8642469732107,0.9961139379552876,-0.03381966134167178,-0.4254624236811291
600.0,214.56978956549148,0.9961674666076249,-0.03335291606590568,-0.43091890892113804
600.0,217.30988239842515,0.9962223770268159,-0.032874148476603034,-0.43644597945998537
600.0,220.08496668448123,0.9962787050370593,-0.03238304823576488,-0.44204457197358343
600.0,222.8954892704882,0.9963364873994768,-0.03187929695952174,-0.44771563647997714
600.0,225.74190270958454,0.9963957618370426,-0.03136256800769779,-0.4534601365640147
600.0,228.62466533408966,0.9964565670601951,-0.03083252626779917,-0.45927904960710264
600.0,231.54424132930478,0.9965189427931553,-0.030288827933239656,-0.4651733670220596
600.0,234.50110080825687,0.9965829298009711,-0.02973112027565259,-0.471144094493392
600.0,237.4957198873962,0.996648569917309,-0.02915904141112774,-0.4771922522229982
600.0,240.52858076326174,0.9967159060730129,-0.028572220060228273,-0.4833188751815613
600.0,243.60017179012405,0.9967849823254582,-0.02797027530155448,-0.4895250133658033
600.0,246.7109875586215,0.9968558438887167,-0.02735281631876234,-0.4958117320617163
600.0,249.86152897539912,0.9969285371645643,-0.02671944214077052,-0.5021801121140397
600.0,253.05230334376543,0.9970031097743521,-0.02606974137501363,-0.5086312502020984
600.0,256.2838244453786,0.9970796105917669,-0.02540329193354807,-0.5151662591223121
600.0,259.55661262297644,0.9971580897765078,-0.024719660751797906,-0.5217862680774277
600.0,262.87119486416213,0.9972385988089102,-0.02401840349972068,-0.5284924229728931
600.0,266.2281048862608,0.9973211905255385,-0.023299064285225674,-0.5352858867203817
600.0,269.62788322225845,0.9974059191557847,-0.022561175349567412,-0.5421678395488893
600.0,273.0710773078399,0.9974928403594961,-0.021804256754553913,-0.5491394793235181
600.0,276.5582415695371,0.9975820112656703,-0.02102781606127428,-0.5562020218722886
600.0,280.0899375140033,0.9976734905122439,-0.02023134800015593,-0.5633567013211714
600.0,283.6667338184275,0.9977673382870133,-0.01941433413208099,-0.5706047704376513
600.0,287.28920642210363,0.9978636163697199,-0.01857624250030743,-0.5779475009831337
600.0,290.95793861916866,0.9979623881753362,-0.01771652727294523,-0.5853861840743908
600.0,294.6735211525251,0.9980637187985893,-0.016834628375717427,-0.5929221305544576
600.0,298.4365523089634,0.9981676750597624,-0.015929971114710815,-0.6005566713732701
600.0,302.2476380154981,0.998274325551813,-0.015001965788842726,-0.6082911579783072
600.0,306.10739193693536,0.9983837406888475,-0.014050007291756091,-0.6161269627156875
600.0,310.0164355746856,0.9984959927559989,-0.01307347470281894,-0.624065479241975
600.0,313.97539836683825,0.9986111559607466,-0.012071730866935288,-0.6321081229471618
600.0,317.9849177895147,0.998729306485731,-0.011044121962808663,-0.6402563313891173
600.0,322.04563945951514,0.9988505225431025,-0.009989977059379016,-0.6485115647400039
600.0,326.15821723827645,0.9989748844304621,-0.008908607660019007,-0.6568753062449915
600.0,330.3233133371578,0.999102474588438,-0.00779930723420103,-0.6653490626937574
600.0,334.5415984240701,0.9992333776599566,-0.006661350736207255,-0.6739343649051942
600.0,338.8137517314682,0.9993676805512578,-0.0054939941105528155,-0.6826327682258286
600.0,343.14046116572143,0.9995054724947177,-0.004296473783683775,-0.691445853042448
600.0,347.52242341788065,0.999646845113529,-0.0030680061416030946,-0.7003752253093404
600.0,351.96034407586023,0.9997918924883112,-0.001807786992932372,-0.7094225170908371
600.0,356.45493773805305,0.9999407112257053,-0.0005149910170441205,-0.7185893871196216
600.0,361.00692812839503,1.000093400529023,0.000811228803220325,-0.7278775213713621
600.0,365.6170482129007,1.000250062271019,0.0021717417646922397,-0.7372886336563178
600.0,370.286040317685,1.0004108010688573,0.003567440043361008,-0.7468244662285636
600.0,375.01465624849453,1.0005757243613431,0.004999239310689137,-0.7564867904133709
600.0,379.80365741176365,1.000744942488502,0.006468079367268552,-0.7662774072535838
600.0,384.6538149372167,1.000918568773583,0.007974924794363488,-0.7761981481755574
600.0,389.565909802036,1.0010967196075669,0.00952076562382864,-0.7862508756754846
600.0,394.54073295661624,1.0012795145362692,0.011106618027031763,-0.7964374840268653
600.0,399.57908545192316,1.0014670763501294,0.012733525023335674,-0.8067599000098861
600.0,404.68177856848047,1.0016595311767724,0.0144025572087164,-0.8172200836635577
600.0,409.84963394700236,1.001857008576447,0.016114813505190322,-0.8278200290615632
600.0,415.0834837206951,1.0020596416404384,0.017871421931652975,-0.8385617651125775
600.0,420.38417064924806,1.0022675670925587,0.01967354039681341,-0.8494473563861761
600.0,425.75254825453607,1.0024809253938307,0.02152235751492687,-0.8604789039651934
600.0,431.1894809580534,1.0026998608504722,0.023419093445023482,-0.871658546325636
600.0,436.6958442201048,1.0029245217253033,0.02536500075437664,-0.8829884602452297
600.0,442.27252468077216,1.0031550603527004,0.02736136530699616,-0.8944708617417179
600.0,447.92042030268277,1.0033916332572221,0.029409507177900286,-0.9061080070420828
600.0,453.64044051560006,1.003634401276051,0.03151078159407723,-0.9179021935839623
600.0,459.43350636286016,1.0038835296853754,0.03366657990285822,-0.9298557610504739
600.0,465.30055064968025,1.0041391883308768,0.03587833056874175,-0.9419710924399414
600.0,471.2425180933594,1.004401551762455,0.03814750019943297,-0.9542506151717471
600.0,477.26036547539763,1.0046707993733692,0.04047559460219851,-0.9666968022299202
600.0,483.3550617955581,1.004947115543948,0.042864159871416216,-0.9793121733459509
600.0,489.5275884278962,1.0052306897900438,0.04531478350837902,-0.992099296222464
600.0,495.7789392787816,1.0055217169164212,0.04782909557446689,-1.0050607877994062
600.0,502.11012094693814,1.0058203971752535,0.050408769878683486,-1.0181993155645344
600.0,508.5221528855265,1.0061269364299426,0.053055525200847026,-1.0315175989100718
600.0,515.016067566299,1.006441546324452,0.05577112655148722,-1.045018410537405
600.0,521.5929106458477,1.0067644444583816,0.05855738646978699,-1.0587045779119337
600.0,528.2537411339786,1.0070958545680022,0.061416166360805734,-1.0725789847701055
600.0,534.999631564233,1.0074360067134909,0.06434937787334441,-1.0866445726809473
600.0,541.831668166589,1.0077851374726103,0.06735898431981711,-1.1009043426643277
600.0,548.7509510423668,1.0081434901410957,0.0704470021396142,-1.1153613568684801
600.0,555.7585943413677,1.0085113149400153,0.07361550240742207,-1.1300187403092796
600.0,562.8557264412772,1.0088888692303914,0.0768666123880827,-1.1448796826740328
600.0,570.0434901293552,1.009276417735377,0.08020251713961035,-1.1599474401924692
600.0,577.3230427864506,1.0096742327703037,0.08362546116609126,-1.1752253375780555
600.0,584.6955565733633,1.0100825944809209,0.08713775012217431,-1.1907167700425727
600.0,592.1622186195867,1.0105017910901741,0.09074175257103474,-1.206425205387325
600.0,599.7242312144601,1.0109321191538818,0.09443990179772904,-1.2223541861743508
600.0,607.3828120007631,1.011373883825681,0.09823469767987932,-1.2385073319811968
600.0,615.1391941707813,1.0118273991316464,0.1021287086178403,-1.2548883417430965
600.0,622.9946266648766,1.0122929882549925,0.10612457352646007,-1.2715009961864407
600.0,630.9503743725916,1.0127709838312946,0.11022500389071375,-1.2883491603577344
600.0,639.0077183363252,1.0132617282546923,0.1144327858875811,-1.3054367862524696
600.0,647.1679559576058,1.0137655739955502,0.11875078257659688,-1.3227679155484031
600.0,655.4324012060011,1.0142828839300884,0.12318193616167478,-1.3403466824481935
600.0,663.8023848306943,1.0148140316825103,0.1277292703268585,-1.3581773166364146
600.0,672.2792545747626,1.015359401980192,0.1323958926488163,-1.376264146356406
600.0,680.8643753921923,1.015919391022522,0.13718499708901702,-1.3946116016124726
600.0,689.559129667666,1.0164944068640067,0.1420998665685809,-1.4132242175035283
600.0,698.3649174391526,1.017084869812306,0.14714387562910308,-1.432106637694393
600.0,707.2831566233468,1.0176912128418771,0.1523204931826998,-1.4512636180312866
600.0,716.3152832439806,1.0183138820239577,0.1576332853548152,-1.4707000303086233
600.0,725.4627516630544,1.0189533369736536,0.16308591842344855,-1.490420866194389
600.0,734.7270348150191,1.019610051314936,0.16868216185860913,-1.510431241321782
600.0,744.1096244439506,1.0202845131643996,0.17442589146602433,-1.5307363995554752
600.0,753.6120313437505,1.0209772256346832,0.18032109263929855,-1.5513417174409663
600.0,763.2357856014171,1.0216887073584977,0.18637186372491718,-1.5722527088462688
600.0,772.9824368434207,1.0224194930342647,0.19258241950469607,-1.5934750298055058
600.0,782.8535544852251,1.0231701339944248,0.1989570948005277,-1.6150144835746618
600.0,792.8507279839987,1.023941198797535,0.20550034820649013,-1.6368770259102021
600.0,802.9755670945485,1.024733273845339,0.21221676595363806,-1.6590687705820533
600.0,813.2297021285253,1.0255469640260584,0.219111065913046,-1.6815959951328754
600.0,823.614784216938,1.0263828933852364,0.2261881017429894,-1.7044651468965462
600.0,834.1324855760204,1.0272417058255288,0.2334528671863917,-1.7276828492892105
600.0,844.7844997764925,1.028124065836936,0.24091050052504823,-1.7512559083874006
600.0,855.5725420162622,1.0290306592590428,0.2485662891973806,-1.7751913198082585
600.0,866.4983493966064,1.029962194076939,0.25642567458689763,-1.7994962759080138
600.0,877.5636812018822,1.0309194012525906,0.2644942569888981,-1.824178173315817
600.0,888.7703191828091,1.0319030355935377,0.27277780076330593,-1.849244620821
600.0,900.1200678433659,1.0329138766609118,0.28128223968197996,-1.8747034476330207
600.0,911.6147547313562,1.0339527297188873,0.29001368247924963,-1.9005627120345205
600.0,923.2562307326806,1.0350204267278245,0.2989784186150141,-1.926830710449196
600.0,935.0463703693686,1.036117827383479,0.30818292426001026,-1.9535159869475804
600.0,946.9870721014156,1.037245820204833,0.3176338685136514,-1.9806273432152468
600.0,959.080258632476,1.0384053236732431,0.3273381198652152,-2.008173849009595
600.0,971.327877219457,1.0395972874257857,0.3373027529098204,-2.0361648531329744
600.0,983.7318999860696,1.0408226935058633,0.347535055331301,-2.0646099949518195
600.0,996.2943242403816,1.0420825576743369,0.35804253516470597,-2.0935192164933003
600.0,1009.0171727964232,1.043377930784667,0.3688329283519442,-2.122902775153163
600.0,1021.9024942999077,1.044709900225768,0.3799142066047672,-2.152771257050684
600.0,1034.9523635581031,1.046079591436547,0.3912945855902391,-2.1831355910689654
600.0,1048.1688818739194,1.0474881694963436,0.4029825334545768,-2.2140070636215965
600.0,1061.554177384265,1.0489368407957969,0.41498677970229714,-2.2453973341892555
600.0,1075.1104054027182,1.0504268547929585,0.427316324448506,-2.277318451673096
600.0,1088.8397487665804,1.051959505859823,0.4399804480633573,-2.309782871614847
600.0,1102.744418188358,1.0535361352247863,0.4529887212286785,-2.3428034743371002
600.0,1116.8266526117325,1.0551581330169517,0.46635101542813295,-2.376393584061089
600.0,1131.0887195720798,1.0568269404186172,0.48007751389354125,-2.4105669890633226
600.0,1145.5329155615877,1.0585440519327243,0.4941787230313227,-2.445337962936891
600.0,1160.1615663990428,1.0603110177725514,0.5086654843545995,-2.480721287028007
600.0,1174.977027604334,1.062129446381463,0.5235489869480716,-2.516732274123552
600.0,1189.9816847777408,1.064001007091093,0.53884078049445,-2.5533867934710575
600.0,1205.1779539840659,1.0659274329269828,0.5545527888931874,-2.5907012972185672
600.0,1220.5682821416715,1.0679105235713469,0.5706973245040711,-2.6286928483684213
600.0,1236.1551474164862,1.0699521484933963,0.5872871030505302,-2.6673791503463486
600.0,1251.9410596210373,1.0720542502584263,0.6043352592196517,-2.706778578294724
600.0,1267.9285606185895,1.0742188480277586,0.6218553629984906,-2.7469102122076996
600.0,1284.1202247324345,1.0764480412625503,0.6398614367887587,-2.7877938720348188
600.0,1300.5186591604106,1.0787440136455286,0.6583679733449982,-2.8294501548899293
600.0,1317.1265043947192,1.0811090372358012,0.6773899545842322,-2.8719004745131476
600.0,1333.9464346470963,1.0835454768731294,0.696942871318545,-2.91516710314553
600.0,1350.9811582794193,1.0860557948493663,0.7170427439655486,-2.9592732159890764
600.0,1368.233418239808,1.0886425558662107,0.7377061442955406,-3.0042429384391345
600.0,1385.7059925042984,1.0913084323000153,0.7589502182783769,-3.0501013962916157
600.0,1403.4016945241544,1.0940562097961106,0.7807927100975314,-3.0968747691446388
600.0,1421.3233736788927,1.0968887932170088,0.8032519874037553,-3.1445903472328225
600.0,1439.473915735093,1.0998092129709156,0.8263470678859639,-3.1932765919530026
600.0,1457.8562433110665,1.1028206317492686,0.8500976472428008,-3.2429632003625386
600.0,1476.473316347459,1.105926351704499,0.8745241286444105,-3.2936811739561724
600.0,1495.3281325838636,1.109129822101974,0.899647653780813,-3.3454628920545293
600.0,1514.4237280415196,1.1124346474830864,0.9254901356005534,-3.3983421901672726
600.0,1533.763177512177,1.1158445963797732,0.9520742928512049,-3.4523544437268576
600.0,1553.3495950531972,1.1193636106244171,0.9794236865420757,-3.507536657625266
600.0,1573.1861344889896,1.1229958153031112,1.0075627584588374,-3.563927562026226
600.0,1593.2759899188381,1.126745529404716,1.0365168718700306,-3.621567714969756
600.0,1613.6223962312197,1.1306172772230842,1.0663123545767652,-3.6804996123351232
600.0,1634.22862962469,1.1346158005752562,1.0969765444690291,-3.7407678057827383
600.0,1655.098008135418,1.1387460719044726,1.1285378377654751,-3.802419029355746
600.0,1676.2338921714615,1.1430133083435488,1.1610257401281896,-3.865502335489443
600.0,1697.6396850538629,1.1474229868215862,1.1944709208599993,-3.930069241251
600.0,1719.318833564655,1.1519808603052457,1.2289052704093308,-3.99617388571509
600.0,1741.2748285018654,1.1566929752750212,1.2643619614270594,-4.063873199473701
600.0,1763.5112052416082,1.1615656905471785,1.3008755136407932,-4.133227087381628
600.0,1786.0315443073541,1.1666056975634629,1.3384818628353559,-4.204298625754723
600.0,1808.839471946469,1.1718200422834515,1.3772184342538294,-4.277154275367267
600.0,1831.9386607141175,1.1772161488286974,1.4171242207615988,-4.351864111739631
600.0,1855.3328300646197,1.1828018450438216,1.4582398661469644,-4.428502074370247
600.0,1879.0257469503638,1.188585390157654,1.5006077539661473,-4.5071462367484045
600.0,1903.0212264283582,1.1945755047476732,1.5442721023783141,-4.587879099190483
600.0,1927.3231322745457,1.2007814032336832,1.589279065458221,-4.670787906774091
600.0,1951.9353776059447,1.2072128291521909,1.6356768415202971,-4.755964994906516
600.0,1976.861925510747,1.2138800934917826,1.6835157890395136,-4.84350816536046
600.0,2002.106789686456,1.2207941164023581,1.7328485508113376,-4.933521095945568
600.0,2027.6740350861774,1.2279664726279265,1.7837301870564015,-5.026113787365289
600.0,2053.5677785731623,1.2354094410544672,1.836218318246086,-5.121403051241903
600.0,2079.7921895837076,1.243136058811778,1.8903732785035525,-5.219513043785652
600.0,2106.3514907985236,1.251160180422211,1.9462582805223951,-5.320575850146932
600.0,2133.2499588226738,1.2594965425506617,2.0039395930426203,-5.424732125133827
600.0,2160.491924874198,1.2681608349803648,2.0634867320329207,-5.532131796714237
600.0,2188.0817754815303,1.2771697785192835,2.124972666850234,-5.642934839567643
600.0,2216.023953189821,1.2865412106338194,2.188474042784475,-5.757312126924201
600.0,2244.3229572762807,1.2962941797120862,2.254071421549754,-5.875446370049747
600.0,2272.9833444746564,1.3064490489803506,2.3218495414557547,-5.997533156029968
600.0,2302.0097297089646,1.3170276112360872,2.391897599186649,-6.123782096005613
600.0,2331.40678683659,1.3280532157225817,2.464309555333065,-6.2544180977492525
600.0,2361.1792494008682,1.3395509086568822,2.5391844660683516,-6.389682778496226
600.0,2391.3319113932967,1.351547589139599,2.6166268436376647,-6.52983603629991
600.0,2421.869628025461,1.3640721824268804,2.696747048641454,-6.675157800936437
600.0,2452.7973165108274,1.377155832838224,2.7796617174487404,-6.825949988612788
600.0,2484.1199568565166,1.390832118916262,2.865494228476228,-6.9825386885256675
600.0,2515.84259266519,1.4051372938553444,2.9543752115223114,-7.145276613787702
600.0,2547.970331947177,1.420110554685815,3.0464431048589855,-7.314545854518708
600.0,2580.5083479429695,1.435794344253485,3.1418447653666064,-7.490760977157376
600.0,2613.461879956225,1.452234690685256,3.2407361376568717,-7.674372521487361
600.0,2646.8362341974,1.4694815898014928,3.3432829888775317,-7.865870955740758
600.0,2680.6367846381672,1.4875894368475695,3.449661716740855,-8.065791160751358
600.0,2714.868973876733,1.5066175149997802,3.5600602392781915,-8.274717526863217
600.0,2749.538314014212,1.5266305493900867,3.6746789759094964,-8.493289762635353
600.0,2784.6503875421918,1.5476993369330336,3.7937319306423016,-8.722209532917224
600.0,2820.210848241629,1.5699014640797286,3.917447889593595,-8.962248066352629
600.0,2856.2254220932277,1.5933221268329794,4.046071746572384,-9.214254899744773
600.0,2892.699908199447,1.618055070014319,4.1798659721794005,-9.479167960178735
600.0,2929.640179718265,1.6442036659756902,4.31911224377644,-9.75802522686583
600.0,2967.0521848088983,1.6718821568162943,4.464113255743648,-10.051978265285513
600.0,3004.941947589568,1.7012170888458047,4.615194731652784,-10.362307988835159
600.0,3043.315569107515,1.7323489737089792,4.772707662285319,-10.690443081051733
600.0,3082.179228321392,1.7654342174723714,4.937030795716578,-11.037981608669302
600.0,3121.539183096211,1.8006473673354284,5.108573407804093,-11.4067164776836
600.0,3161.401771210987,1.838183735779974,5.287778383083013,-11.798665538193953
600.0,3201.773411379254,1.878262474281204,5.4751256368431465,-12.216107338227303
600.0,3242.660604282614,1.9211301835853631,5.671135908343624,-12.661623774026639
600.0,3284.069933617482,1.9670651654600295,5.876374951624302,-13.13815120022951
600.0,3326.0080671552014,2.016382442173136,6.091458142506151,-13.649041968873158
600.0,3368.4817578156917,2.0694396950772043,6.317055505513087,-14.198138888896214
600.0,3411.4978447548137,2.1266443025901562,6.553897138530713,-14.789865774354942
600.0,3455.063254465615,2.1884616899498215,6.802778969734133,-15.429338128258143
600.0,3499.185001893642,2.255425236457119,7.064568710853547,-16.122499153233786
600.0,3543.870191566494,2.3281480161202874,7.340211757879963,-16.87628777272519
600.0,3589.126018737795,2.407336665676627,7.630736610828911,-17.698847292469036
600.0,3634.9597705457923,2.493807662481151,7.937259100378714,-18.599785861815757
600.0,3681.378827186729,2.5885062210077834,8.26098426135155,-19.59050315915665
600.0,3728.3906631032146,2.6925278204224736,8.603203986427642,-20.684601878970213
600.0,3776.002848187767,2.8071419470251353,8.965287477847916,-21.898407743807624
600.0,3824.223049001722,2.9338167758976175,9.348659751826691,-23.251627831460663
600.0,3873.0590300097133,3.0742418702038425,9.754760664462296,-24.76818346623847
600.0,3922.5186548299125,3.230342913389529,10.184972536331411,-26.477259179066145
600.0,3972.609887500237,3.404276908370482,10.64049757869822,-28.414609367988383
600.0,4023.34079376073,3.5983863146725965,11.12215572785228,-30.624150471684786
600.0,4074.719542352307,3.815073266048341,11.630057654389264,-33.15982002612955
600.0,4126.754406332104,4.056526078298933,12.1630854456706,-36.0875673440745
600.0,4179.453764405605,4.324185375711492,12.718086073446424,-39.48708294461363
600.0,4232.826102275795,4.617777496341017,13.2886600595429,-43.45235544954296
600.0,4286.880014009535,4.93369274852103,13.863441995993764,-48.0892047404492
600.0,4341.624203421383,5.262535500646295,14.423900771393397,-53.506497861607485
600.0,4397.067485475102,5.586043240176149,14.94208586287873,-59.79625296722886
600.0,4453.218787703034,5.87460261820865,15.3795698901739,-66.99824086734483
600.0,4510.087151643643,6.088285892444044,15.689900754999492,-75.05134170030385
600.0,4567.681734297379,6.185112982792766,15.82695274496257,-83.75044510347134
600.0,4626.011809601152,6.136583450778614,15.758532890420248,-92.74531410675876
600.0,4685.086769921628,5.942092738834703,15.47878851195766,-101.60825183333341
600.0,4744.916127567598,5.630350291001051,15.010708304545108,-109.94699062924775
600.0,4805.509516321659,5.246098603959733,14.396728983772011,-117.4962331357167
600.0,4866.876692991458,4.833108271143974,13.684530485991704,-124.14229310099647
600.0,4929.027538980739,4.423975994357852,12.916255234168798,-129.89163069358895
600.0,4991.9720618804595,4.038292816947817,12.123956129567087,-134.82096291952487
600.0,5055.720397080222,3.685362887187376,11.329605160827153,-139.0357261915642
600.0,5120.282809400282,3.3678629452648527,10.547088192619345,-142.64447256621932
600.0,5185.669694744402,3.0847898500907887,9.78451166524821,-145.74636734049707
600.0,5251.891581773811,2.833390024534704,9.046127211160496,-148.4267371108342
600.0,5318.959133602537,2.6102772392832008,8.333732729881076,-150.75673409524916
600.0,5386.883149514401,2.412021246728449,7.64762258094008,-152.7947564363678
600.0,5455.674566701908,2.2354260977805835,6.987206337074831,-154.58840474155437
600.0,5525.344462027387,2.0776389294302238,6.351401484430453,-156.17641877125985
600.0,5595.904053806589,1.936171825172191,5.738877921150468,-157.5903804850727
600.0,5667.364703615071,1.8088825545491385,5.148207406106941,-158.85613056321165
600.0,5739.737918117651,1.6939385112549767,4.577952834092949,-159.99491347086644
600.0,5813.035350921214,1.5897761877605572,4.026719753549942,-161.0242896939606
600.0,5887.2688044512,1.4950620547705826,3.49318438143815,-161.95885765092243
600.0,5962.4502318520335,1.40865732054793,2.9761071312351555,-162.81082387294663
600.0,6038.591738911835,1.3295873270938603,2.4743373400005413,-163.59045377629886
600.0,6115.705586011702,1.2570155164364571,1.9868127718757362,-164.3064290267474
600.0,6193.804190099898,1.1902215439286137,1.5125561413050683,-164.9661319651964
600.0,6272.900126691225,1.1285829963267946,1.0506700546529018,-165.57587302895502
600.0,6353.006131891963,1.0715601680694,0.6003312336772592,-166.14107350824898
600.0,6434.135104450643,1.018683395549009,0.16078454507313764,-166.66641317925195
600.0,6516.30010783501,0.9695425136147584,-0.26866285448041866,-167.15595019748704
600.0,6599.514372335527,0.9237780650989326,-0.6886470838243539,-167.61321897955574
600.0,6683.791297195727,0.8810739556528125,-1.0997527242925167,-168.0413105317389
600.0,6769.144452769755,0.8411512999162221,-1.5025175915618438,-168.44293871000758
600.0,6855.587582707511,0.8037632505645212,-1.8974370875847544,-168.82049514691778
600.0,6943.13460616764,0.7686906396226234,-2.2849681464042684,-169.176095002931
600.0,7031.799620058826,0.7357382925483655,-2.665532797875768,-169.5116152520978
600.0,7121.5969013096765,0.7047319009941989,-3.0395213782802633,-169.8287268639008
600.0,7212.540909167617,0.6755153608258102,-3.407295418522578,-170.1289219710641
600.0,7304.646287527129,0.6479484987634596,-3.769190240356943,-170.41353689965933
600.0,7397.927867287726,0.6219051246415205,-4.125517289702703,-170.6837717695049
600.0,7492.40066874204,0.5972713573553476,-4.476566234132204,-170.94070723949352
600.0,7588.079903994404,0.5739441815739362,-4.822606849364188,-171.18531886634418
600.0,7684.980979410317,0.5518301996405195,-5.163890717283679,-171.41848946040813
600.0,7783.119498097199,0.5308445490826584,-5.5006527557556275,-171.64101975400092
600.0,7882.511262416809,0.5109099610668493,-5.833112598372954,-171.8536376427521
600.0,7983.172276529767,0.4919559391674789,-6.1614758403159255,-172.0570062159212
600.0,8085.118748972555,0.47391804114255276,-6.485935164711232,-172.2517307553951
600.0,8188.367095267432,0.45673724915247677,-6.806671362267805,-172.4383648534842
600.0,8292.933940565683,0.4403594161307389,-7.1238542555239945,-172.61741577536353
600.0,8398.836122324592,0.4247347779030294,-7.437643537756542,-172.78934917202758
600.0,8506.09069301867,0.40981752222386403,-7.748189535463217,-172.95459323311937
600.0,8614.714922885425,0.3955654072136659,-8.055633902321798,-173.11354235530695
600.0,8724.726302706255,0.38193942278000365,-8.360110251638682,-173.26656039049186
600.0,8836.142546622807,0.3689034895316608,-8.661744733513427,-173.41398352862444
600.0,8948.981594989356,0.3564241904734822,-8.960656562252836,-173.55612286193656
600.0,9063.261617261553,0.3444705314283633,-9.25695849895616,-173.6932666707085
600.0,9179.0010149221,0.3330137266904592,-9.550757293654037,-173.82568246504746
600.0,9296.218424443776,0.3220270068874005,-9.842154090907474,-173.95361881238338
600.0,9414.932720290297,0.3114854464326439,-10.13124480235305,-174.0773069763472
600.0,9535.163017955501,0.3013658082933941,-10.418120449309093,-174.19696238925744
600.0,9656.928677041346,0.2916464040941588,-10.702867478229237,-174.31278597751137
600.0,9780.249304375211,0.2823069678287139,-10.985568051498992,-174.42496535667152
600.0,9905.144757167005,0.27332854167052384,-11.266300315813396,-174.53367591089264
600.0,10031.6351462066,0.2646933725588781,-11.545138650145404,-174.6390817694893
600.0,10159.74083910209,0.25638481839968846,-11.822153895111649,-174.74133669185807
600.0,10289.482463559383,0.24838726285982102,-12.097413565361867,-174.84058487059525
600.0,10420.88091070373,0.24068603785518672,-12.370982046457936,-174.93696166146916
600.0,10553.957338443613,0.23326735293829806,-12.642920777564884,-175.03059424787372
600.0,10688.733174877609,0.2261182308828235,-12.913288421149149,-175.12160224650148
600.0,10825.230121744786,0.21922644884281273,-13.182141020765066,-175.2100982601931
600.0,10963.470157919102,0.212580484534318,-13.449532147908311,-175.29618838324402
600.0,11103.475542948509,0.20616946694846972,-13.715513038824428,-175.37997266385582
600.0,11245.268820639172,0.19998313115890817,-13.980132722077812,-175.46154552789955
600.0,11388.872822685507,0.19401177683376514,-14.243438137613767,-175.5409961677037
600.0,11534.310672346573,0.18824623010404984,-14.505474247979762,-175.61840889917892
600.0,11681.605788169389,0.18267780847702364,-14.766284142312847,-175.6938634902377
600.0,11830.781887759813,0.17729828851559787,-15.02590913364653,-175.767435463158
600.0,11981.862991601585,0.17209987603349927,-15.284388850042241,-175.8391963732631
600.0,12134.873426924116,0.16707517858139004,-15.541761320006877,-175.9092140660482
600.0,12289.837831619689,0.16221718002170862,-15.798063052618707,-175.97755291466774
600.0,12446.78115821068,0.1575192170100719,-16.053329112747964,-176.04427403950586
600.0,12605.728677867442,0.15297495721893858,-16.30759319172665,-176.10943551138354
600.0,12766.705984477452,0.14857837915516783,-16.56088767379225,-176.17309253980224
600.0,12929.738998766537,0.14432375343731185,-16.813243698604268,-176.23529764749094
600.0,13094.853972472603,0.14020562541120235,-17.064691220107385,-176.29610083240132
600.0,13262.077492572726,0.13621879899375205,-17.31525906199399,-176.3555497181881
600.0,13431.43648556422,0.13235832164509087,-17.56497496999846,-176.41368969411545
600.0,13602.958221800363,0.12861947037830526,-17.813865661237166,-176.47056404524378
600.0,13776.670319881503,0.12499773872426315,-18.061956870792073,-176.52621407367218
600.0,13952.600751102222,0.12148882457640219,-18.30927339572017,-176.58067921154378
600.0,14130.777843955313,0.11808861884701724,-18.55583913665737,-176.6339971264565
600.0,14311.230288693256,0.11479319487258609,-18.80167713717277,-176.6862038198667
600.0,14493.987141947946,0.11159879851109131,-19.046809621017545,-176.73733371902054
600.0,14679.077831409433,0.10850183887919623,-19.29125802740206,-176.7874197629028
600.0,14866.532160564388,0.10549887968156056,-19.53504304442522,-176.83649348265052
600.0,15056.380313495098,0.102586631088598,-19.778184640770856,-176.8845850768413
600.0,15248.652859739721,0.09976194212261348,-20.020702095777892,-176.93172348203177
600.0,15443.380759214644,0.09702179351556124,-20.262614027983474,-176.9779364388908
600.0,15640.595367199687,0.09436329100466426,-20.5039384222312,-177.02325055424328
600.0,15840.328439386893,0.09178365903486527,-20.744692655430093,-177.06769135931575
600.0,16042.61213699396,0.0892802348395565,-20.984893521044494,-177.11128336445034
600.0,16247.47903194281,0.08685046287330772,-21.22455725238885,-177.1540501105338
600.0,16454.962112104367,0.08449188957236556,-21.463699544797073,-177.19601421736786
600.0,16665.094786610294,0.08220215842058576,-21.70233557673107,-177.23719742918993
600.0,16877.910891232572,0.07997900530017878,-21.940480029888864,-177.27762065753717
600.0,17093.44469383176,0.07782025410822313,-22.178147108368748,-177.31730402163203
600.0,17311.73089987485,0.07572381262133954,-22.415350556942244,-177.35626688645368
600.0,17532.80465802356,0.07368766859223873,-22.65210367848519,-177.39452789864782
600.0,17756.701565794036,0.07170988606306417,-22.888419350613205,-177.43210502041578
600.0,17983.45767528876,0.06978860188156066,-23.124310041564673,-177.4690155615133
600.0,18213.10949900173,0.06792202240711726,-23.359787825371924,-177.5052762094802
600.0,18445.694015697714,0.0661084203946704,-23.594864396358393,-177.54090305821336
600.0,18681.248676366627,0.06434613204531134,-23.829551082997725,-177.57591163498662
600.0,18919.811410253908,0.06263355421323748,-24.063858861167926,-177.61031692601523
600.0,19161.420630967954,0.060969141759412315,-24.297798366832307,-177.64413340065423
600.0,19406.115242665444,0.05935140504297633,-24.53137990817646,-177.6773750343147
600.0,19653.93464631584,0.05777890754206495,-24.764613477229375,-177.71005533017598
600.0,19904.918746045674,0.05625026359626904,-24.997508760994446,-177.74218733976585
600.0,20159.107955564,0.054764136263495966,-25.230075152115205,-177.77378368247705
600.0,20416.543204669815,0.05331923528448177,-25.462321759098824,-177.80485656408266
600.0,20677.265945842657,0.051914315148654785,-25.694257416119285,-177.83541779430936
600.0,20941.318160917286,0.05054817325547068,-25.925890692420626,-177.86547880352342
600.0,21208.74236784366,0.04921964816572501,-26.157229901339782,-177.8950506585809
600.0,21479.581627533225,0.04792761793770891,-26.3882831089673,-177.9241440778902
600.0,21753.879550792604,0.04667099854340649,-26.619058142463082,-177.9527694457308
600.0,22031.680305345857,0.04544874236024035,-26.849562598043658,-177.98093682587196
600.0,22313.02862294644,0.044259836734159376,-27.079803848656212,-178.00865597452884
600.0,22597.969806579924,0.04310330261012867,-27.30978905135403,-178.035936352694
600.0,22886.54973775872,0.04197819322632868,-27.539525154387135,-178.0627871378785
600.0,23178.814883910014,0.04088359286860135,-27.769018904021152,-178.0892172352948
600.0,23474.812305857944,0.039818615681894924,-27.998276851096687,-178.115235288512
600.0,23774.58966540144,0.03878240453565848,-28.227305357340995,-178.14084968961197
600.0,24078.19523298867,0.03777412994032342,-28.456110601442866,-178.16606858887272
600.0,24385.67789548972,0.03679298901218073,-28.68469858490146,-178.19089990400465
600.0,24697.087164068344,0.03583820448412709,-28.913075137658765,-178.21535132896338
600.0,25012.47318215429,0.03490902375990071,-29.14124592352529,-178.23943034236046
600.0,25331.886733517473,0.03400471800956992,-29.369216445407943,-178.2631442154944
600.0,25655.379250445214,0.033124581304168656,-29.596992050348515,-178.28650002002016
600.0,25983.00282202392,0.03226792978749567,-29.824577934380883,-178.30950463527665
600.0,26314.810202526525,0.031434100883208624,-30.051979147214666,-178.33216475528965
600.0,26650.85481990702,0.030622452535452524,-30.279200596752528,-178.35448689546595
600.0,26991.190784403516,0.029832362481361185,-30.506247053448156,-178.3764773989949
600.0,27335.87289725106,0.029063227553865704,-30.733123154511375,-178.39814244297185
600.0,27684.95665950585,0.028314463013330814,-30.95983340796691,-178.41948804425724
600.0,28038.498280982043,0.027585501906623632,-31.186382196572477,-178.44052006508429
600.0,28396.554689302702,0.026875794452295973,-31.41277378160214,-178.46124421842788
600.0,28759.183539066362,0.026184807450634253,-31.639012306500234,-178.48166607314616
600.0,29126.44322113062,0.02551202371739925,-31.865101800411043,-178.5017910589058
600.0,29498.392872014316,0.024856941540141727,-32.09104618158915,-178.52162447090143
600.0,29875.092383419647,0.024219074156040403,-32.316849260695136,-178.5411714743791
600.0,30256.60241187615,0.023597949250264236,-32.54251474398125,-178.56043710897302
600.0,30642.98438850757,0.022993108473915502,-32.76804623637109,-178.57942629286453
600.0,31034.300528923588,0.022404106980658936,-32.99344724443755,-178.5981438267714
600.0,31430.613843237836,0.02183051298118919,-33.21872117928288,-178.61659439777597
600.0,31831.988146213847,0.021271907314733853,-33.443871359324575,-178.63478258299864
600.0,32238.488067540584,0.020727883036829837,-33.66890101299066,-178.65271285312497
600.0,32650.179062239167,0.02019804502265101,-33.89381328132778,-178.67038957579223
600.0,33067.1274212025,0.01968200958520118,-34.11861122052532,-178.68781701884234
600.0,33489.400281869515,0.01917940410772179,-34.34329780435868,-178.70499935344708
600.0,33917.065639035674,0.01868986668969634,-34.5678759265547,-178.72194065711105
600.0,34350.19235580161,0.018213045805864265,-34.79234840308208,-178.73864491655877
600.0,34788.85017466149,0.017748599977686807,-35.01671797436944,-178.7551160305098
600.0,35233.109728733034,0.017296197456734334,-35.24098730745378,-178.7713578123481
600.0,35683.04255313093,0.016855515919490957,-35.465158998061696,-178.78737399268928
600.0,36138.721096485526,0.01642624217309688,-35.68923557262589,-178.80316822185114
600.0,36600.21873260844,0.016008071871572247,-35.913219490239044,-178.81874407223086
600.0,37067.609772307485,0.015600709242087571,-36.13711314454765,-178.83410504059358
600.0,37540.96947535216,0.015203866820867901,-36.360918865587436,-178.8492545502759
600.0,38020.37406259203,0.014817265198336194,-36.58463892156277,-178.86419595330779
600.0,38505.90072822995,0.014440632773120816,-36.808275520571854,-178.87893253245684
600.0,38997.62765225189,0.014073705514569358,-37.03183081227958,-178.89346750319777
600.0,39495.63401301561,0.013716226733427832,-37.255306889539796,-178.90780401561068
600.0,40000.0,0.013367946860359897,-37.47870578996885,-178.92194515621063
